Workbook

Sheet ThuyetMinh
A1: THUYẾT MINH TÍNH TOÁN HỆ NEO: CỌC KHOAN NHỒI VEN BỜ + ĐẾ BTCT VÍT XOẮN — HV-FPV-2026
A2: Dự án: Dự án Điện Mặt Trời Nổi Hồ Huổi Vanh
A4: File này có hai phần: 9 sheet đầu là KẾT QUẢ do web tính (dạng số); 4 sheet CT_… ở cuối là cùng phép tính đó dưới dạng CÔNG THỨC Excel — đổi ô nhập (tô vàng / ghi chữ NHẬP) là tự tính lại.
A6: 1. Phương án chốt
A7: Chủ đầu tư chốt ngày 12/10/2026: Cọc khoan nhồi D350 ven bờ + đế BTCT giữ bằng vít xoắn dưới đáy hồ.
A8: Hệ neo: 295 tuyến cáp tại 263 điểm neo = 231 cọc khoan nhồi ven bờ + 32 đế đáy hồ (cả 32 đế dùng chung cho hai dây của hai bè đối diện).
A9: Gió tính toán V = 20 m/s là cấp gió vận hành, THẤP HƠN gió tiêu chuẩn TCVN 2737:2023 vùng II-B (V ≈ 29,7 m/s, q0 = 0,54 kN/m²): áp lực gió chỉ bằng 45% mức tiêu chuẩn. Cáp, cọc và đế neo định cỡ ở cấp gió này CHƯA được kiểm tra với bão thiết kế; nhập V = 30 m/s ở Tab 2 để kiểm tra.
A10: Kết quả: 9/9 bè đạt; 231/231 cọc bờ đạt; 32/32 đế đạt.
A12: 2. Số liệu đầu vào và giả định
A13: Mực nước hồ: MNC 380,0 m; MNDB 384,5 m; MNLKT 386,0 m.
A14: Tấm pin: 2,701 m²/tấm, nghiêng 12°, hệ số cản 1,15, hệ số che chắn giữa các hàng 0,55; sóng và dòng chảy gộp bằng hệ số 1,05.
A15: Đất bờ (GIẢ ĐỊNH, chưa khảo sát): sét, c_u = 40 kPa. Bùn đáy hồ (GIẢ ĐỊNH): c_u = 20 kPa, γ' = 6 kN/m³.
... A61: Lớp bê tông bảo vệ cọc bờ tới đai chỉ 26–30 mm (tính với 50 mm tới tim thép chủ).

Sheet ThongSo
A1: THÔNG SỐ ĐẦU VÀO VÀ GIẢ ĐỊNH — HV-FPV-2026
A2: CHÚ Ý: Gió tính toán V = 20 m/s là cấp gió vận hành, THẤP HƠN gió tiêu chuẩn TCVN 2737:2023 vùng II-B (V ≈ 29,7 m/s, q0 = 0,54 kN/m²): áp lực gió chỉ bằng 45% mức tiêu chuẩn. Cáp, cọc và đế neo định cỡ ở cấp gió này CHƯA được kiểm tra với bão thiết kế; nhập V = 30 m/s ở Tab 2 để kiểm tra.
A4: NHÓM | B4: THÔNG SỐ | C4: GIÁ TRỊ | D4: ĐƠN VỊ | E4: NGUỒN / GHI CHÚ
A5: Gió | B5: Vận tốc gió tính toán V | C5: 20 | D5: m/s | E5: Chủ đầu tư chốt 08/10/2026
A6: Gió | B6: Khối lượng riêng không khí ρ | C6: 1.25 | D6: kg/m³
A7: Gió | B7: Áp lực gió q = 0,5ρV² | C7: 250 | D7: N/m²
A8: Gió | B8: Diện tích một tấm pin | C8: 2.701 | D8: m²
A9: Gió | B9: Góc nghiêng tấm pin | C9: 12 | D9: °
A10: Gió | B10: Hệ số cản tấm pin C_d | C10: 1.15
A11: Gió | B11: Hệ số che chắn giữa các hàng | C11: 0.55 | E11: GIẢ ĐỊNH
A12: Gió | B12: Hệ số gộp sóng + dòng chảy | C12: 1.05 | E12: DNV-ST-0119, TCVN 6170-3
A13: Mực nước | B13: MNC | C13: 380 | D13: m
A14: Mực nước | B14: MNDB | C14: 384.5 | D14: m
A15: Mực nước | B15: MNLKT | C15: 386 | D15: m
A16: Dây neo | B16: Số dây làm việc n | C16: 6 | D16: dây | E16: GIẢ ĐỊNH, như nhau cho mọi bè
A17: Dây neo | B17: Góc dây so với phương ngang α | C17: 30 | D17: ° | E17: GIẢ ĐỊNH
A18: Dây neo | B18: Lực căng trước T_0 | C18: 5 | D18: kN
A19: Dây neo | B19: Hệ số an toàn cáp (nguyên vẹn / đứt một dây) | C19: 3 / 2
A20: Cọc bờ | B20: Loại cọc | C20: Cọc khoan nhồi tròn, đổ tại chỗ
A21: Cọc bờ | B21: Đường kính D | C21: 0.35 | D21: m
A22: Cọc bờ | B22: Chiều sâu ngàm thiết kế L_tk | C22: 6.5 | D22: m
A23: Cọc bờ | B23: Điểm móc cáp cách mặt đất e | C23: 0.1 | D23: m | E23: Yêu cầu thi công
A24: Cọc bờ | B24: c_u đất bờ | C24: 40 | D24: kPa | E24: GIẢ ĐỊNH, chưa khảo sát
A25: Cọc bờ | B25: Hệ số an toàn chịu ngang (Broms) | C25: 2.5
A26: Cọc bờ | B26: Hệ số tải trọng khi kiểm tra uốn | C26: 1.2 | E26: TCVN 2737
A27: Cọc bờ | B27: Cường độ bê tông R_b | C27: 14.5 | D27: MPa
A28: Đế BTCT | B28: Chiều dày đế t (nhỏ nhất) | C28: 0.4 | D28: m | E28: Cạnh B tự tăng 0,25 m cho tới khi đạt
A29: Đế BTCT | B29: Trọng lượng riêng bê tông / nước | C29: 25 / 10 | D29: kN/m³ | E29: W' = V × (γ_bt − γ_n): đã trừ đẩy nổi
A30: Đế BTCT | B30: Hệ số trọng lượng khi chống nhổ | C30: 0.9 | E30: GIẢ ĐỊNH
A31: Đế BTCT | B31: Chiều cao tai neo trên mặt đế | C31: 0.15 | D31: m
A32: Đế BTCT | B32: Chiều cao bích bè trên mặt nước | C32: 0.35 | D32: m | E32: Mạn khô của phao
A33: Đế BTCT | B33: Gờ chống trượt dưới đế | C33: 0.15 | D33: m
A34: Đế BTCT | B34: c_u bùn đáy hồ | C34: 20 | D34: kPa | E34: GIẢ ĐỊNH, chưa khảo sát
A35: Đế BTCT | B35: γ' bùn | C35: 6 | D35: kN/m³ | E35: GIẢ ĐỊNH
A36: Đế BTCT | B36: Hệ số bám dính đáy đế α | C36: 0.5 | E36: GIẢ ĐỊNH
A37: Đế BTCT | B37: Hệ số an toàn trượt / lật / nền | C37: 1.5 / 1.5 / 2.5
A38: Vít xoắn | B38: Số vít mỗi đế | C38: 4 | D38: cây
A39: Vít xoắn | B39: Ống thép Ø × dày | C39: Ø89 × 5 | D39: mm
A40: Vít xoắn | B40: Đường kính ren | C40: 105 | D40: mm
A41: Vít xoắn | B41: Chiều dài ngàm trong bùn | C41: 3 | D41: m
A42: Vít xoắn | B42: Hệ số bám dính thân vít α | C42: 0.8 | E42: GIẢ ĐỊNH
A43: Vít xoắn | B43: Giới hạn chảy thép ống | C43: 235 | D43: MPa
A44: Vít xoắn | B44: Hệ số an toàn nhổ vít | C44: 2

Sheet LucDay
A1: LỰC GIÓ VÀ LỰC CĂNG DÂY TỪNG BÈ — HV-FPV-2026
A2: CHÚ Ý: Gió tính toán V = 20 m/s là cấp gió vận hành, THẤP HƠN gió tiêu chuẩn TCVN 2737:2023 vùng II-B (V ≈ 29,7 m/s, q0 = 0,54 kN/m²): áp lực gió chỉ bằng 45% mức tiêu chuẩn. Cáp, cọc và đế neo định cỡ ở cấp gió này CHƯA được kiểm tra với bão thiết kế; nhập V = 30 m/s ở Tab 2 để kiểm tra.
A3: F_pin = q × C_d × (số tấm × A_tấm × sin nghiêng) × che chắn | F = (F_pin + F_phao) × hệ số sóng, dòng chảy | T = max(F × k + T_0 ; F / (n × cos α) + T_0)
A5: BÈ | B5: Diện tích (m²) | C5: Chu vi (m) | D5: Số dây | E5: Dây bờ | F5: Dây đáy | G5: Số tấm pin | H5: A đón gió (m²) | I5: q (N/m²) | J5: F pin (kN) | K5: F phao (kN) | L5: F gió (kN) | M5: F tổng (kN) | N5: Hệ số tập trung k | O5: T cách k (kN) | P5: T cách n dây (kN) | Q5: Cách chi phối | R5: T dây (kN) | S5: T khi đứt 1 dây (kN) | T5: Cáp | U5: Lực đứt (kN) | V5: HSAT cáp | W5: HSAT khi đứt 1 dây | X5: KẾT LUẬN BÈ
A6: BÈ 1 | B6: 4222 | C6: 280.7 | D6: 19 | E6: 17 | F6: 2 | G6: 808 | H6: 453.7 | I6: 250 | J6: 71.8 | K6: 6.8 | L6: 78.5 | M6: 82.4 | N6: 0.306 | O6: 30.2 | P6: 20.9 | Q6: Hệ số tập trung | R6: 30.2 | S6: 38.5 | T6: PES-28 | U6: 235 | V6: 7.77 | W6: 6.1 | X6: ĐẠT
A7: BÈ 2 | B7: 4115 | C7: 287.5 | D7: 20 | E7: 15 | F7: 5 | G7: 788 | H7: 442.5 | I7: 250 | J7: 70 | K7: 6.9 | L7: 76.9 | M7: 80.7 | N7: 0.282 | O7: 27.8 | P7: 20.5 | Q7: Hệ số tập trung | R7: 27.8 | S7: 35.3 | T7: PES-28 | U7: 235 | V7: 8.46 | W7: 6.66 | X7: ĐẠT
A8: BÈ 3 | B8: 5575 | C8: 312 | D8: 22 | E8: 15 | F8: 7 | G8: 1068 | H8: 599.8 | I8: 250 | J8: 94.8 | K8: 7.5 | L8: 102.3 | M8: 107.5 | N8: 0.313 | O8: 38.6 | P8: 25.7 | Q8: Hệ số tập trung | R8: 38.6 | S8: 49.7 | T8: PES-28 | U8: 235 | V8: 6.08 | W8: 4.72 | X8: ĐẠT
A9: BÈ 3A | B9: 19103 | C9: 625.1 | D9: 50 | E9: 31 | F9: 19 | G9: 3657 | H9: 2053.7 | I9: 250 | J9: 324.7 | K9: 15 | L9: 339.8 | M9: 356.8 | N9: 0.155 | O9: 60.3 | P9: 73.7 | Q9: Chia n dây | R9: 73.7 | S9: 87.4 | T9: PES-28 | U9: 235 | V9: 3.19 | W9: 2.69 | X9: ĐẠT
A10: BÈ 5A | B10: 23037 | C10: 660.2 | D10: 49 | E10: 36 | F10: 13 | G10: 4410 | H10: 2476.5 | I10: 250 | J10: 391.6 | K10: 15.9 | L10: 407.5 | M10: 427.9 | N10: 0.144 | O10: 66.6 | P10: 87.3 | Q10: Chia n dây | R10: 87.3 | S10: 103.8 | T10: PES-32 | U10: 305 | V10: 3.49 | W10: 2.94 | X10: ĐẠT
A11: BÈ 6 | B11: 9714 | C11: 442.7 | D11: 31 | E11: 28 | F11: 3 | G11: 1860 | H11: 1044.5 | I11: 250 | J11: 165.2 | K11: 10.7 | L11: 175.8 | M11: 184.6 | N11: 0.194 | O11: 40.8 | P11: 40.5 | Q11: Hệ số tập trung | R11: 40.8 | S11: 52.6 | T11: PES-28 | U11: 235 | V11: 5.76 | W11: 4.47 | X11: ĐẠT
A12: BÈ 7 | B12: 11143 | C12: 474.4 | D12: 33 | E12: 24 | F12: 9 | G12: 2133 | H12: 1197.8 | I12: 250 | J12: 189.4 | K12: 11.4 | L12: 200.8 | M12: 210.9 | N12: 0.164 | O12: 39.6 | P12: 45.6 | Q12: Chia n dây | R12: 45.6 | S12: 53.7 | T12: PES-28 | U12: 235 | V12: 5.16 | W12: 4.38 | X12: ĐẠT
A13: BÈ 8 | B13: 14946 | C13: 573.6 | D13: 51 | E13: 46 | F13: 5 | G13: 2861 | H13: 1606.7 | I13: 250 | J13: 254.1 | K13: 13.8 | L13: 267.9 | M13: 281.3 | N13: 0.106 | O13: 34.8 | P13: 59.1 | Q13: Chia n dây | R13: 59.1 | S13: 70 | T13: PES-28 | U13: 235 | V13: 3.97 | W13: 3.36 | X13: ĐẠT
A14: BÈ 9 | B14: 4018 | C14: 293 | D14: 20 | E14: 19 | F14: 1 | G14: 769 | H14: 431.8 | I14: 250 | J14: 68.3 | K14: 7.1 | L14: 75.3 | M14: 79.1 | N14: 0.327 | O14: 30.9 | P14: 20.2 | Q14: Hệ số tập trung | R14: 30.9 | S14: 39.4 | T14: PES-28 | U14: 235 | V14: 7.61 | W14: 5.96 | X14: ĐẠT

Sheet CocKhoanNhoi_TheoBe
A1: TÍNH TOÁN CỌC KHOAN NHỒI VEN BỜ THEO BÈ — HV-FPV-2026
A2: CHÚ Ý: Gió tính toán V = 20 m/s là cấp gió vận hành, THẤP HƠN gió tiêu chuẩn TCVN 2737:2023 vùng II-B (V ≈ 29,7 m/s, q0 = 0,54 kN/m²): áp lực gió chỉ bằng 45% mức tiêu chuẩn. Cáp, cọc và đế neo định cỡ ở cấp gió này CHƯA được kiểm tra với bão thiết kế; nhập V = 30 m/s ở Tab 2 để kiểm tra.
A3: BP-1 (Broms, đất sét c_u = 40 kPa): H_cho phép = H_u / 2.5 ≥ T | BP-2 (TCVN 5574:2018): γ × M_max ≤ M_rd | P_max: lực dây lớn nhất cọc chịu được ở L_tk. Thông số đất là GIẢ ĐỊNH.
A5: BÈ | B5: Số cọc | C5: D (m) | D5: L_tk (m) | E5: L cả cọc (m) | F5: Thép chủ | G5: Mác thép | H5: Cốt đai | I5: T dây (kN) | J5: H_u (kN) | K5: H cho phép (kN) | L5: BP-1 ngang | M5: M_max (kNm) | N5: γ × M_max (kNm) | O5: M_rd (kNm) | P5: BP-2 uốn | Q5: P_max (kN) | R5: Bê tông 1 cọc (m³) | S5: Thép 1 cọc (kg) | T5: Tổng dài (m) | U5: Tổng bê tông (m³) | V5: Tổng thép (kg) | W5: KẾT LUẬN
A6: BÈ 1 | B6: 17 | C6: 0.35 | D6: 6.5 | E6: 6.6 | F6: 4Φ25 | G6: CB400-V | H6: Đai xoắn Φ8 a150 | I6: 30.2 | J6: 290.2 | K6: 116.1 | L6: 0.26 | M6: 22.5 | N6: 27 | O6: 43 | P6: 0.63 | Q6: 44.6 | R6: 0.635 | S6: 117.9 | T6: 112.2 | U6: 10.8 | V6: 2005 | W6: ĐẠT
A7: BÈ 2 | B7: 15 | C7: 0.35 | D7: 6.5 | E7: 6.6 | F7: 4Φ25 | G7: CB400-V | H7: Đai xoắn Φ8 a150 | I7: 27.8 | J7: 290.2 | K7: 116.1 | L7: 0.24 | M7: 20.4 | N7: 24.5 | O7: 43 | P7: 0.57 | Q7: 44.6 | R7: 0.635 | S7: 117.9 | T7: 99 | U7: 9.5 | V7: 1769 | W7: ĐẠT
A8: BÈ 3 | B8: 15 | C8: 0.35 | D8: 6.5 | E8: 6.6 | F8: 4Φ25 | G8: CB400-V | H8: Đai xoắn Φ8 a150 | I8: 38.6 | J8: 290.2 | K8: 116.1 | L8: 0.33 | M8: 30.1 | N8: 36.1 | O8: 43 | P8: 0.84 | Q8: 44.6 | R8: 0.635 | S8: 117.9 | T8: 99 | U8: 9.5 | V8: 1769 | W8: ĐẠT
A9: BÈ 3A | B9: 31 | C9: 0.35 | D9: 6.5 | E9: 6.6 | F9: 6Φ28 | G9: CB400-V | H9: Đai xoắn Φ8 a150 | I9: 73.7 | J9: 290.2 | K9: 116.1 | L9: 0.64 | M9: 67.6 | N9: 81.1 | O9: 93.3 | P9: 0.87 | Q9: 81.9 | R9: 0.635 | S9: 207.6 | T9: 204.6 | U9: 19.7 | V9: 6436 | W9: ĐẠT
A10: BÈ 5A | B10: 36 | C10: 0.35 | D10: 6.5 | E10: 6.6 | F10: 6Φ32 | G10: CB400-V | H10: Đai xoắn Φ8 a150 | I10: 87.3 | J10: 290.2 | K10: 116.1 | L10: 0.75 | M10: 84.9 | N10: 101.8 | O10: 121.9 | P10: 0.83 | Q10: 99.6 | R10: 0.635 | S10: 266.2 | T10: 237.6 | U10: 22.9 | V10: 9583 | W10: ĐẠT
A11: BÈ 6 | B11: 28 | C11: 0.35 | D11: 6.5 | E11: 6.6 | F11: 4Φ25 | G11: CB400-V | H11: Đai xoắn Φ8 a150 | I11: 40.8 | J11: 290.2 | K11: 116.1 | L11: 0.35 | M11: 32.1 | N11: 38.5 | O11: 43 | P11: 0.9 | Q11: 44.6 | R11: 0.635 | S11: 117.9 | T11: 184.8 | U11: 17.8 | V11: 3302 | W11: ĐẠT
A12: BÈ 7 | B12: 24 | C12: 0.35 | D12: 6.5 | E12: 6.6 | F12: 4Φ28 | G12: CB400-V | H12: Đai xoắn Φ8 a150 | I12: 45.6 | J12: 290.2 | K12: 116.1 | L12: 0.39 | M12: 36.7 | N12: 44.1 | O12: 53.9 | P12: 0.82 | Q12: 53.6 | R12: 0.635 | S12: 143.8 | T12: 158.4 | U12: 15.2 | V12: 3451 | W12: ĐẠT
A13: BÈ 8 | B13: 46 | C13: 0.35 | D13: 6.5 | E13: 6.6 | F13: 6Φ25 | G13: CB400-V | H13: Đai xoắn Φ8 a150 | I13: 59.1 | J13: 290.2 | K13: 116.1 | L13: 0.51 | M13: 50.8 | N13: 61 | O13: 74.4 | P13: 0.82 | Q13: 69 | R13: 0.635 | S13: 168.8 | T13: 303.6 | U13: 29.2 | V13: 7764 | W13: ĐẠT
A14: BÈ 9 | B14: 19 | C14: 0.35 | D14: 6.5 | E14: 6.6 | F14: 4Φ25 | G14: CB400-V | H14: Đai xoắn Φ8 a150 | I14: 30.9 | J14: 290.2 | K14: 116.1 | L14: 0.27 | M14: 23.1 | N14: 27.7 | O14: 43 | P14: 0.65 | Q14: 44.6 | R14: 0.635 | S14: 117.9 | T14: 125.4 | U14: 12.1 | V14: 2241 | W14: ĐẠT
A15: TỔNG | B15: 231 | T15: 1524.6 | U15: 146.7 | V15: 38320

Sheet CocKhoanNhoi_TungCoc
A1: THỐNG KÊ VÀ TÍNH TOÁN TỪNG CỌC KHOAN NHỒI VEN BỜ (231 CỌC) — HV-FPV-2026
A2: CHÚ Ý: Gió tính toán V = 20 m/s là cấp gió vận hành, THẤP HƠN gió tiêu chuẩn TCVN 2737:2023 vùng II-B (V ≈ 29,7 m/s, q0 = 0,54 kN/m²): áp lực gió chỉ bằng 45% mức tiêu chuẩn. Cáp, cọc và đế neo định cỡ ở cấp gió này CHƯA được kiểm tra với bão thiết kế; nhập V = 30 m/s ở Tab 2 để kiểm tra.
A3: Sức chịu của cọc không phụ thuộc vị trí (cùng giả định đất) nên BP-1, BP-2 lặp lại theo bè; riêng từng cọc là tọa độ, cao độ mặt đất (địa hình IFC), chiều dài dây và góc cáp ở hai mực nước.
A5: STT | B5: MÃ CỌC | C5: DÂY NEO | D5: BÈ | E5: NGUỒN GỐC | F5: X (m) | G5: Y (m) | H5: Cao độ mặt đất (m) | I5: D (m) | J5: L_tk (m) | K5: L cả cọc (m) | L5: Thép chủ | M5: Mác thép | N5: Cốt đai | O5: Bê tông (m³) | P5: Thép (kg) | Q5: Dây dài (m) | R5: Phương vị (°) | S5: T dây (kN) | T5: P_max (kN) | U5: BP-1 ngang | V5: BP-2 uốn | W5: Đầu cọc | X5: Góc cáp MNC (°) | Y5: Góc cáp MNLKT (°) | Z5: Mặt đất thấp hơn MNDB | AA5: KẾT LUẬN | AB5: GHI CHÚ
A6: 1 | B6: HV-P001 | C6: B1-D01 | D6: BÈ 1 | E6: Cọc đã định vị | F6: -134.99 | G6: 90.48 | H6: 384.29 | I6: 0.35 | J6: 6.5 | K6: 6.6 | L6: 4Φ25 | M6: CB400-V | N6: Đai xoắn Φ8 a150 | O6: 0.635 | P6: 117.9 | Q6: 12.64 | R6: 36 | S6: 30.2 | T6: 44.6 | U6: 0.26 | V6: 0.63 | W6: 1 | X6: -17.7 | Y6: 8.8 | Z6: CÓ | AA6: ĐẠT | AB6: Mặt đất tại cọc thấp hơn MNDB: thi công mùa nước thấp, có ống vách; Đầu cọc ngập khi hồ ở MNLKT: bản mã, tai neo cần chống gỉ
A7: 2 | B7: HV-P002 | C7: B1-D02 | D7: BÈ 1 | E7: Cọc đã định vị | F7: -140.05 | G7: 95.47 | H7: 384.37 | I7: 0.35 | J7: 6.5 | K7: 6.6 | L7: 4Φ25 | M7: CB400-V | N7: Đai xoắn Φ8 a150 | O7: 0.635 | P7: 117.9 | Q7: 13.7 | R7: 36 | S7: 30.2 | T7: 44.6 | U7: 0.26 | V7: 0.63 | W7: 1 | X7: -16.8 | Y7: 7.8 | Z7: CÓ | AA7: ĐẠT | AB7: Mặt đất tại cọc thấp hơn MNDB: thi công mùa nước thấp, có ống vách; Đầu cọc ngập khi hồ ở MNLKT: bản mã, tai neo cần chống gỉ
A8: 3 | B8: HV-P003 | C8: B1-D03 | D8: BÈ 1 | E8: Cọc đã định vị | F8: -141.23 | G8: 99.78 | H8: 384.33 | I8: 0.35 | J8: 6.5 | K8: 6.6 | L8: 4Φ25 | M8: CB400-V | N8: Đai xoắn Φ8 a150 | O8: 0.635 | P8: 117.9 | Q8: 16.49 | R8: 36 | S8: 30.2 | T8: 44.6 | U8: 0.26 | V8: 0.63 | W8: 1 | X8: -13.9 | Y8: 6.6 | Z8: CÓ | AA8: ĐẠT | AB8: Mặt đất tại cọc thấp hơn MNDB: thi công mùa nước thấp, có ống vách; Đầu cọc ngập khi hồ ở MNLKT: bản mã, tai neo cần chống gỉ
A9: 4 | B9: HV-P004 | C9: B1-D04 | D9: BÈ 1 | E9: Cọc đã định vị | F9: -162.49 | G9: 134.77 | H9: 384.41 | I9: 0.35 | J9: 6.5 | K9: 6.6 | L9: 4Φ25 | M9: CB400-V | N9: Đai xoắn Φ8 a150 | O9: 0.635 | P9: 117.9 | Q9: 32.3 | R9: 36 | S9: 30.2 | T9: 44.6 | U9: 0.26 | V9: 0.63 | W9: 1 | X9: -7.3 | Y9: 3.3 | Z9: CÓ | AA9: ĐẠT | AB9: Mặt đất tại cọc thấp hơn MNDB: thi công mùa nước thấp, có ống vách; Đầu cọc ngập khi hồ ở MNLKT: bản mã, tai neo cần chống gỉ
A10: 5 | B10: HV-P005 | C10: B1-D05 | D10: BÈ 1 | E10: Cọc đã định vị | F10: -170.74 | G10: 140.52 | H10: 384.59 | I10: 0.35 | J10: 6.5 | K10: 6.6 | L10: 4Φ25 | M10: CB400-V | N10: Đai xoắn Φ8 a150 | O10: 0.635 | P10: 117.9 | Q10: 32.11 | R10: 36 | S10: 30.2 | T10: 44.6 | U10: 0.26 | V10: 0.63 | W10: 1 | X10: -7.7 | Y10: 3 | Z10: không | AA10: ĐẠT | AB10: Đầu cọc ngập khi hồ ở MNLKT: bản mã, tai neo cần chống gỉ
A11: 6 | B11: HV-P006 | C11: B1-D06 | D11: BÈ 1 | E11: Cọc đã định vị | F11: -177.5 | G11: 146.69 | H11: 384.63 | I11: 0.35 | J11: 6.5 | K11: 6.6 | L11: 4Φ25 | M11: CB400-V | N11: Đai xoắn Φ8 a150 | O11: 0.635 | P11: 117.9 | Q11: 33.12 | R11: 36 | S11: 30.2 | T11: 44.6 | U11: 0.26 | V11: 0.63 | W11: 1 | X11: -7.5 | Y11: 2.8 | Z11: không | AA11: ĐẠT | AB11: Đầu cọc ngập khi hồ ở MNLKT: bản mã, tai neo cần chống gỉ
A12: 7 | B12: HV-P007 | C12: B1-D07 | D12: BÈ 1 | E12: Cọc đã định vị | F12: -224.88 | G12: 67.52 | H12: 384.25 | I12: 0.35 | J12: 6.5 | K12: 6.6 | L12: 4Φ25 | M12: CB400-V | N12: Đai xoắn Φ8 a150 | O12: 0.635 | P12: 117.9 | Q12: 12.78 | R12: 216 | S12: 30.2 | T12: 44.6 | U12: 0.26 | V12: 0.63 | W12: 1 | X12: -17.4 | Y12: 8.9 | Z12: CÓ | AA12: ĐẠT | AB12: Mặt đất tại cọc thấp hơn MNDB: thi công mùa nước thấp, có ống vách; Đầu cọc ngập khi hồ ở MNLKT: bản mã, tai neo cần chống gỉ
A13: 8 | B13: HV-P008 | C13: B1-D08 | D13: BÈ 1 | E13: Cọc đã định vị | F13: -216.19 | G13: 59.89 | H13: 384.47 | I13: 0.35 | J13: 6.5 | K13: 6.6 | L13: 4Φ25 | M13: CB400-V | N13: Đai xoắn Φ8 a150 | O13: 0.635 | P13: 117.9 | Q13: 13.84 | R13: 216 | S13: 30.2 | T13: 44.6 | U13: 0.26 | V13: 0.63 | W13: 1 | X13: -17 | Y13: 7.3 | Z13: CÓ | AA13: ĐẠT | AB13: Mặt đất tại cọc thấp hơn MNDB: thi công mùa nước thấp, có ống vách; Đầu cọc ngập khi hồ ở MNLKT: bản mã, tai neo cần chống gỉ
A14: 9 | B14: HV-P009 | C14: B1-D09 | D14: BÈ 1 | E14: Cọc đã định vị | F14: -195.7 | G14: 50.34 | H14: 384.17 | I14: 0.35 | J14: 6.5 | K14: 6.6 | L14: 4Φ25 | M14: CB400-V | N14: Đai xoắn Φ8 a150 | O14: 0.635 | P14: 117.9 | Q14: 9.52 | R14: 216 | S14: 30.2 | T14: 44.6 | U14: 0.26 | V14: 0.63 | W14: 1 | X14: -22.4 | Y14: 12.3 | Z14: CÓ | AA14: ĐẠT | AB14: Mặt đất tại cọc thấp hơn MNDB: thi công mùa nước thấp, có ống vách; Đầu cọc ngập khi hồ ở MNLKT: bản mã, tai neo cần chống gỉ
A15: 10 | B15: HV-P010 | C15: B1-D10 | D15: BÈ 1 | E15: Cọc đã định vị | F15: -185.52 | G15: 45.22 | H15: 384.69 | I15: 0.35 | J15: 6.5 | K15: 6.6 | L15: 4Φ25 | M15: CB400-V | N15: Đai xoắn Φ8 a150 | O15: 0.635 | P15: 117.9 | Q15: 7.68 | R15: 216 | S15: 30.2 | T15: 44.6 | U15: 0.26 | V15: 0.63 | W15: 1 | X15: -30 | Y15: 11.5 | Z15: không | AA15: ĐẠT | AB15: Đầu cọc ngập khi hồ ở MNLKT: bản mã, tai neo cần chống gỉ; Cáp chúc xuống dốc khi nước thấp: kiểm tra cáp không tì vào mặt đất / mũ cọc
A16: 11 | B16: HV-P011 | C16: B1-D11 | D16: BÈ 1 | E16: Cọc đã định vị | F16: -174.02 | G16: 38.02 | H16: 384.44 | I16: 0.35 | J16: 6.5 | K16: 6.6 | L16: 4Φ25 | M16: CB400-V | N16: Đai xoắn Φ8 a150 | O16: 0.635 | P16: 117.9 | Q16: 6.75 | R16: 216 | S16: 30.2 | T16: 44.6 | U16: 0.26 | V16: 0.63 | W16: 1 | X16: -31.8 | Y16: 15 | Z16: CÓ | AA16: ĐẠT | AB16: Mặt đất tại cọc thấp hơn MNDB: thi công mùa nước thấp, có ống vách; Đầu cọc ngập khi hồ ở MNLKT: bản mã, tai neo cần chống gỉ; Cáp chúc xuống dốc khi nước thấp: kiểm tra cáp không tì vào mặt đất / mũ cọc
A17: 12 | B17: HV-P012 | C17: B1-D12 | D17: BÈ 1 | E17: Cọc đã định vị | F17: -161.95 | G17: 30.54 | H17: 383.76 | I17: 0.35 | J17: 6.5 | K17: 6.6 | L17: 4Φ25 | M17: CB400-V | N17: Đai xoắn Φ8 a150 | O17: 0.635 | P17: 117.9 | Q17: 5.7 | R17: 216 | S17: 30.2 | T17: 44.6 | U17: 0.26 | V17: 0.63 | W17: 1 | X17: -31.6 | Y17: 23.6 | Z17: CÓ | AA17: ĐẠT | AB17: Mặt đất tại cọc thấp hơn MNDB: thi công mùa nước thấp, có ống vách; Đầu cọc ngập khi hồ ở MNLKT: bản mã, tai neo cần chống gỉ; Cáp chúc xuống dốc khi nước thấp: kiểm tra cáp không tì vào mặt đất / mũ cọc
... A236: 231 | B236: HV-P295 | C236: B9-D20 | D236: BÈ 9 | E236: Cọc mới (ven bờ) | F236: 130.67 | G236: 394.29 | H236: 384.02 | I236: 0.35 | J236: 6.5 | K236: 6.6 | L236: 4Φ25 | M236: CB400-V | N236: Đai xoắn Φ8 a150 | O236: 0.635 | P236: 117.9 | Q236: 14.5 | R236: 311 | S236: 30.9 | T236: 44.6 | U236: 0.27 | V236: 0.65 | W236: 1 | X236: -14.6 | Y236: 8.7 | Z236: CÓ | AA236: ĐẠT | AB236: Chuyển từ neo đáy sang cọc khoan nhồi (vị trí ven bờ); Mặt đất tại cọc thấp hơn MNDB: thi công mùa nước thấp, có ống vách; Đầu cọc ngập khi hồ ở MNLKT: bản mã, tai neo cần chống gỉ

Sheet DeNeoDay_TungDe
A1: THỐNG KÊ VÀ TÍNH TOÁN TỪNG ĐẾ NEO ĐÁY: ĐẾ BTCT + 4 VÍT XOẮN (32 ĐẾ) — HV-FPV-2026
A2: CHÚ Ý: Gió tính toán V = 20 m/s là cấp gió vận hành, THẤP HƠN gió tiêu chuẩn TCVN 2737:2023 vùng II-B (V ≈ 29,7 m/s, q0 = 0,54 kN/m²): áp lực gió chỉ bằng 45% mức tiêu chuẩn. Cáp, cọc và đế neo định cỡ ở cấp gió này CHƯA được kiểm tra với bão thiết kế; nhập V = 30 m/s ở Tab 2 để kiểm tra.
A3: Đế dùng chung hai dây: kiểm tra dây 1 căng + dây 2 ở lực căng trước, ngược lại, và cả hai cùng căng, ở MNC và MNLKT. SV-1: T_v ≤ 0.9W' + nQ_a | SV-2: 1.5T_h ≤ bám dính + gờ + nH_u | SV-3: 1.5M_lật ≤ M_giữ | SV-4: N_1 ≤ Q_a | SV-5: W'/B² ≤ 5,14c_u/2.5.
A5: STT | B5: MÃ ĐẾ | C5: DÂY 1 | D5: BÈ 1 | E5: T 1 (kN) | F5: Dài 1 (m) | G5: DÂY 2 | H5: BÈ 2 | I5: T 2 (kN) | J5: Dài 2 (m) | K5: X (m) | L5: Y (m) | M5: Cao độ đáy (m) | N5: Sâu nước MNC (m) | O5: Sâu nước MNLKT (m) | P5: Tổ hợp chi phối | Q5: T_h (kN) | R5: T_v (kN) | S5: B (m) | T5: t (m) | U5: V bê tông (m³) | V5: Nặng trên cạn (kN) | W5: W' trong nước (kN) | X5: Cẩu (tấn) | Y5: Lưới thép 2 lớp | Z5: Thép bản (kg) | AA5: Số vít | AB5: Vít Ø × dày | AC5: Dài 1 vít (m) | AD5: Sức chống nhổ (kN) | AE5: M_lật (kNm) | AF5: M_giữ (kNm) | AG5: N 1 vít (kN) | AH5: SV-1 nhổ | AI5: SV-2 trượt | AJ5: SV-3 lật | AK5: SV-4 một vít | AL5: SV-5 nền | AM5: SV-6 thép | AN5: KẾT LUẬN | AO5: GHI CHÚ
A6: 1 | B6: HV-DV001 | C6: B1-D15 | D6: BÈ 1 | E6: 30.2 | F6: 12.56 | G6: B2-D13 | H6: BÈ 2 | I6: 27.8 | J6: 12.57 | K6: -128.58 | L6: 44.11 | M6: 378.3 | N6: 1.7 | O6: 7.7 | P6: cả hai dây căng (MN cao) | Q6: 2.5 | R6: 29.7 | S6: 2.5 | T6: 0.4 | U6: 2.48 | V6: 62.5 | W6: 37.5 | X6: 6.4 | Y6: Ø12 a200 | Z6: 119 | AA6: 4 | AB6: Ø89×5 | AC6: 3.7 | AD6: 65.4 | AE6: 38.6 | AF6: 126 | AG6: 0 | AH6: 0.45 | AI6: 0.27 | AJ6: 0.46 | AK6: 0 | AL6: 0.15 | AM6: 0.62 | AN6: ĐẠT | AO6: Đế dùng chung hai bè: hai tai neo
A7: 2 | B7: HV-DV002 | C7: B1-D19 | D7: BÈ 1 | E7: 30.2 | F7: 11.3 | G7: B2-D20 | H7: BÈ 2 | I7: 27.8 | J7: 11.3 | K7: -138.58 | L7: 31.21 | M7: 378.3 | N7: 1.7 | O7: 7.7 | P7: cả hai dây căng (MN cao) | Q7: 2.1 | R7: 32.1 | S7: 2.5 | T7: 0.4 | U7: 2.48 | V7: 62.5 | W7: 37.5 | X7: 6.4 | Y7: Ø12 a200 | Z7: 119 | AA7: 4 | AB7: Ø89×5 | AC7: 3.7 | AD7: 65.4 | AE7: 41.2 | AF7: 126 | AG7: 0 | AH7: 0.49 | AI7: 0.27 | AJ7: 0.49 | AK7: 0 | AL7: 0.15 | AM7: 0.62 | AN7: ĐẠT | AO7: Đế dùng chung hai bè: hai tai neo
A8: 3 | B8: HV-DV003 | C8: B2-D12 | D8: BÈ 2 | E8: 27.8 | F8: 10.08 | G8: B3-D22 | H8: BÈ 3 | I8: 38.6 | J8: 10.07 | K8: -42.64 | L8: -28.74 | M8: 378.3 | N8: 1.7 | O8: 7.7 | P8: cả hai dây căng (MN cao) | Q8: 8.7 | R8: 39.7 | S8: 2.5 | T8: 0.4 | U8: 2.48 | V8: 62.5 | W8: 37.5 | X8: 6.4 | Y8: Ø12 a200 | Z8: 119 | AA8: 4 | AB8: Ø89×5 | AC8: 3.7 | AD8: 65.4 | AE8: 54.4 | AF8: 126 | AG8: 2.59 | AH8: 0.61 | AI8: 0.36 | AJ8: 0.65 | AK8: 0.33 | AL8: 0.15 | AM8: 0.62 | AN8: ĐẠT | AO8: Đế dùng chung hai bè: hai tai neo
A9: 4 | B9: HV-DV004 | C9: B2-D17 | D9: BÈ 2 | E9: 27.8 | F9: 9.01 | G9: B3-D17 | H9: BÈ 3 | I9: 38.6 | J9: 9.02 | K9: -48.54 | L9: -35.03 | M9: 378.3 | N9: 1.7 | O9: 7.7 | P9: cả hai dây căng (MN cao) | Q9: 8.4 | R9: 42.5 | S9: 2.5 | T9: 0.4 | U9: 2.48 | V9: 62.5 | W9: 37.5 | X9: 6.4 | Y9: Ø12 a200 | Z9: 119 | AA9: 4 | AB9: Ø89×5 | AC9: 3.7 | AD9: 65.4 | AE9: 57.7 | AF9: 126 | AG9: 3.3 | AH9: 0.65 | AI9: 0.36 | AJ9: 0.69 | AK9: 0.42 | AL9: 0.15 | AM9: 0.62 | AN9: ĐẠT | AO9: Đế dùng chung hai bè: hai tai neo
A10: 5 | B10: HV-DV005 | C10: B2-D18 | D10: BÈ 2 | E10: 27.8 | F10: 14.23 | G10: B3-D13 | H10: BÈ 3 | I10: 38.6 | J10: 14.23 | K10: -28.46 | L10: -18.93 | M10: 378.3 | N10: 1.7 | O10: 7.7 | P10: cả hai dây căng (MN cao) | Q10: 9.6 | R10: 31 | S10: 2.5 | T10: 0.4 | U10: 2.48 | V10: 62.5 | W10: 37.5 | X10: 6.4 | Y10: Ø12 a200 | Z10: 119 | AA10: 4 | AB10: Ø89×5 | AC10: 3.7 | AD10: 65.4 | AE10: 44 | AF10: 126 | AG10: 0.38 | AH10: 0.47 | AI10: 0.36 | AJ10: 0.52 | AK10: 0.05 | AL10: 0.15 | AM10: 0.62 | AN10: ĐẠT | AO10: Đế dùng chung hai bè: hai tai neo
A11: 6 | B11: HV-DV006 | C11: B3-D12 | D11: BÈ 3 | E11: 38.6 | F11: 9.36 | G11: B3A-D23 | H11: BÈ 3A | I11: 73.7 | J11: 9.35 | K11: 16.6 | L11: -124.06 | M11: 378.3 | N11: 1.7 | O11: 7.7 | P11: cả hai dây căng (MN cao) | Q11: 27.3 | R11: 70.3 | S11: 3.25 | T11: 0.4 | U11: 4.21 | V11: 105.6 | W11: 63.4 | X11: 10.8 | Y11: Ø12 a200 | Z11: 202 | AA11: 4 | AB11: Ø89×5 | AC11: 3.7 | AD11: 88.7 | AE11: 129.2 | AF11: 205.9 | AG11: 5.89 | AH11: 0.79 | AI11: 0.55 | AJ11: 0.94 | AK11: 0.74 | AL11: 0.15 | AM11: 0.62 | AN11: ĐẠT | AO11: Đế dùng chung hai bè: hai tai neo; Đế lớn hơn đế mẫu
A12: 7 | B12: HV-DV007 | C12: B3-D14 | D12: BÈ 3 | E12: 38.6 | F12: 15.33 | G12: B3A-D21 | H12: BÈ 3A | I12: 73.7 | J12: 15.33 | K12: 42.39 | L12: -119.37 | M12: 378.3 | N12: 1.7 | O12: 7.7 | P12: cả hai dây căng (MN cao) | Q12: 31.5 | R12: 49.4 | S12: 2.5 | T12: 0.4 | U12: 2.48 | V12: 62.5 | W12: 37.5 | X12: 6.4 | Y12: Ø12 a200 | Z12: 119 | AA12: 4 | AB12: Ø89×5 | AC12: 3.7 | AD12: 65.4 | AE12: 79 | AF12: 126 | AG12: 7.83 | AH12: 0.75 | AI12: 0.74 | AJ12: 0.94 | AK12: 0.99 | AL12: 0.15 | AM12: 0.62 | AN12: ĐẠT | AO12: Đế dùng chung hai bè: hai tai neo
A13: 8 | B13: HV-DV008 | C13: B3-D20 | D13: BÈ 3 | E13: 38.6 | F13: 12.34 | G13: B3A-D22 | H13: BÈ 3A | I13: 73.7 | J13: 12.34 | K13: 29.5 | L13: -121.71 | M13: 378.3 | N13: 1.7 | O13: 7.7 | P13: cả hai dây căng (MN cao) | Q13: 29.9 | R13: 58.3 | S13: 2.75 | T13: 0.4 | U13: 3.01 | V13: 75.6 | W13: 45.4 | X13: 7.7 | Y13: Ø12 a200 | Z13: 141 | AA13: 4 | AB13: Ø89×5 | AC13: 3.7 | AD13: 72.5 | AE13: 96.7 | AF13: 149.5 | AG13: 7.79 | AH13: 0.8 | AI13: 0.67 | AJ13: 0.97 | AK13: 0.98 | AL13: 0.15 | AM13: 0.62 | AN13: ĐẠT | AO13: Đế dùng chung hai bè: hai tai neo; Đế lớn hơn đế mẫu
A14: 9 | B14: HV-DV009 | C14: B3-D21 | D14: BÈ 3 | E14: 38.6 | F14: 9.6 | G14: B3A-D24 | H14: BÈ 3A | I14: 73.7 | J14: 9.59 | K14: 5.97 | L14: -128.68 | M14: 378.3 | N14: 1.7 | O14: 7.7 | P14: cả hai dây căng (MN cao) | Q14: 27.6 | R14: 69.2 | S14: 3.25 | T14: 0.4 | U14: 4.21 | V14: 105.6 | W14: 63.4 | X14: 10.8 | Y14: Ø12 a200 | Z14: 202 | AA14: 4 | AB14: Ø89×5 | AC14: 3.7 | AD14: 88.7 | AE14: 127.6 | AF14: 205.9 | AG14: 5.62 | AH14: 0.78 | AI14: 0.55 | AJ14: 0.93 | AK14: 0.71 | AL14: 0.15 | AM14: 0.62 | AN14: ĐẠT | AO14: Đế dùng chung hai bè: hai tai neo; Đế lớn hơn đế mẫu
A15: 10 | B15: HV-DV010 | C15: B3A-D36 | D15: BÈ 3A | E15: 73.7 | F15: 20.96 | G15: B5A-D32 | H15: BÈ 5A | I15: 87.3 | J15: 20.92 | K15: 198.11 | L15: -227.76 | M15: 378.3 | N15: 1.7 | O15: 7.7 | P15: B5A-D32 căng, B3A-D36 chùng (MN cao) | Q15: 77.5 | R15: 31.2 | S15: 2.75 | T15: 0.4 | U15: 3.01 | V15: 75.6 | W15: 45.4 | X15: 7.7 | Y15: Ø12 a200 | Z15: 141 | AA15: 4 | AB15: Ø89×5 | AC15: 3.7 | AD15: 72.5 | AE15: 85.5 | AF15: 149.5 | AG15: 5.64 | AH15: 0.75 | AI15: 0.81 | AJ15: 0.86 | AK15: 0.71 | AL15: 0.15 | AM15: 0.62 | AN15: ĐẠT | AO15: Đế dùng chung hai bè: hai tai neo; Đế lớn hơn đế mẫu
A16: 11 | B16: HV-DV011 | C16: B3A-D37 | D16: BÈ 3A | E16: 73.7 | F16: 20.95 | G16: B5A-D31 | H16: BÈ 5A | I16: 87.3 | J16: 20.92 | K16: 198.11 | L16: -213.26 | M16: 378.3 | N16: 1.7 | O16: 7.7 | P16: B5A-D31 căng, B3A-D37 chùng (MN cao) | Q16: 77.5 | R16: 31.2 | S16: 2.75 | T16: 0.4 | U16: 3.01 | V16: 75.6 | W16: 45.4 | X16: 7.7 | Y16: Ø12 a200 | Z16: 141 | AA16: 4 | AB16: Ø89×5 | AC16: 3.7 | AD16: 72.5 | AE16: 85.5 | AF16: 149.5 | AG16: 5.64 | AH16: 0.75 | AI16: 0.81 | AJ16: 0.86 | AK16: 0.71 | AL16: 0.15 | AM16: 0.62 | AN16: ĐẠT | AO16: Đế dùng chung hai bè: hai tai neo; Đế lớn hơn đế mẫu
A17: 12 | B17: HV-DV012 | C17: B3A-D38 | D17: BÈ 3A | E17: 73.7 | F17: 21.06 | G17: B5A-D30 | H17: BÈ 5A | I17: 87.3 | J17: 20.8 | K17: 198.23 | L17: -198.38 | M17: 378.3 | N17: 1.7 | O17: 7.7 | P17: B5A-D30 căng, B3A-D38 chùng (MN cao) | Q17: 77.5 | R17: 31.3 | S17: 2.75 | T17: 0.4 | U17: 3.01 | V17: 75.6 | W17: 45.4 | X17: 7.7 | Y17: Ø12 a200 | Z17: 141 | AA17: 4 | AB17: Ø89×5 | AC17: 3.7 | AD17: 72.5 | AE17: 85.6 | AF17: 149.5 | AG17: 5.67 | AH17: 0.75 | AI17: 0.81 | AJ17: 0.86 | AK17: 0.72 | AL17: 0.15 | AM17: 0.62 | AN17: ĐẠT | AO17: Đế dùng chung hai bè: hai tai neo; Đế lớn hơn đế mẫu
... A37: 32 | B37: HV-DV032 | C37: B8-D48 | D37: BÈ 8 | E37: 59.1 | F37: 11.49 | G37: B9-D16 | H37: BÈ 9 | I37: 30.9 | J37: 11.49 | K37: 121.79 | L37: 292.95 | M37: 378.3 | N37: 1.7 | O37: 7.7 | P37: cả hai dây căng (MN cao) | Q37: 23.7 | R37: 49.2 | S37: 2.5 | T37: 0.4 | U37: 2.48 | V37: 62.5 | W37: 37.5 | X37: 6.4 | Y37: Ø12 a200 | Z37: 119 | AA37: 4 | AB37: Ø89×5 | AC37: 3.7 | AD37: 65.4 | AE37: 74.5 | AF37: 126 | AG37: 6.88 | AH37: 0.75 | AI37: 0.59 | AJ37: 0.89 | AK37: 0.87 | AL37: 0.15 | AM37: 0.62 | AN37: ĐẠT | AO37: Đế dùng chung hai bè: hai tai neo; Địa hình IFC tại điểm này cao hơn đáy thiết kế 2,5 m: kiểm tra khảo sát / nạo vét trước khi đặt đế
A39: TỔNG | B39: 32 đế | R39: 1643 | U39: 92.8 | Z39: 4401 | AA39: 128 | AD39: 2275
A40: Ghi chú: cột M_lật, M_giữ, N 1 vít, sức chống nhổ là của tổ hợp chi phối; các cột SV là giá trị lớn nhất trên mọi tổ hợp.

Sheet VitXoan
A1: TÍNH TOÁN VÍT XOẮN — HV-FPV-2026
A3: BƯỚC | B3: ĐẠI LƯỢNG | C3: CÔNG THỨC | D3: GIÁ TRỊ | E3: ĐƠN VỊ
A4: 1 | B4: Ma sát thân vít | C4: α × c_u × π × D_ren × L = 0.8 × 20 × π × 0.105 × 3 | D4: 15.83 | E4: kN
A5: 2 | B5: Sức chịu của cánh xoắn | C5: Không tính (vít chỉ có ren, không có cánh lớn) | D5: 0 | E5: kN
A6: 3 | B6: Sức chịu kéo của ống thép | C6: A_thép × f_y | D6: 310.1 | E6: kN
A7: 4 | B7: Sức chịu nhổ cực hạn Q_u | C7: min(bước 1 + bước 2 ; bước 3) | D7: 15.83 | E7: kN
A8: 5 | B8: Sức chịu nhổ cho phép Q_a | C8: Q_u / 2 | D8: 7.92 | E8: kN
A9: 6 | B9: Sức chịu ngang theo đất (Broms) | C9: Cọc ngắn đầu tự do, đất dính | D9: 20.62 | E9: kN
A10: 7 | B10: Sức chịu ngang theo thép ống | C10: Khớp dẻo trong thân vít | D10: 14.98 | E10: kN
A11: 8 | B11: Sức chịu ngang cực hạn H_u | C11: min(bước 6 ; bước 7) | D11: 14.98 | E11: kN
A12: 9 | B12: 4 vít của một đế: chống nhổ | C12: 4 × Q_a | D12: 31.7 | E12: kN
A13: 10 | B13: Chiều dài chế tạo một vít | C13: ngàm 3 + dày đế 0.4 + đầu khóa 0,3 | D13: 3.7 | E13: m
A14: 11 | B14: Tổng số vít / tổng chiều dài | C14: 32 đế × 4 vít | D14: 128 cây / 473.6 m
A16: Vít chỉ là phần phụ: phần lớn lực nhổ do trọng lượng đế gánh. Sức chịu của vít tỷ lệ thuận với c_u bùn (GIẢ ĐỊNH). Sức chịu nhổ và sức chịu ngang tính độc lập, chưa xét tương tác. Chưa thiết kế khóa đầu vít và chống ăn mòn.
A18: MÃ ĐẾ | B18: B (m) | C18: Lực nhổ T_v (kN) | D18: 0,9 W' (kN) | E18: Phần vít phải gánh (kN) | F18: N lớn nhất 1 vít (kN) | G18: Q_a (kN) | H18: Mức sử dụng 1 vít | I18: KẾT LUẬN
A19: HV-DV001 | B19: 2.5 | C19: 29.7 | D19: 33.8 | E19: 0 | F19: 0 | G19: 7.92 | H19: 0 | I19: ĐẠT
A20: HV-DV002 | B20: 2.5 | C20: 32.1 | D20: 33.8 | E20: 0 | F20: 0 | G20: 7.92 | H20: 0 | I20: ĐẠT
A21: HV-DV003 | B21: 2.5 | C21: 39.7 | D21: 33.8 | E21: 5.9 | F21: 2.59 | G21: 7.92 | H21: 0.33 | I21: ĐẠT
A22: HV-DV004 | B22: 2.5 | C22: 42.5 | D22: 33.8 | E22: 8.7 | F22: 3.3 | G22: 7.92 | H22: 0.42 | I22: ĐẠT
A23: HV-DV005 | B23: 2.5 | C23: 31 | D23: 33.8 | E23: 0 | F23: 0.38 | G23: 7.92 | H23: 0.05 | I23: ĐẠT
A24: HV-DV006 | B24: 3.25 | C24: 70.3 | D24: 57 | E24: 13.2 | F24: 5.89 | G24: 7.92 | H24: 0.74 | I24: ĐẠT
A25: HV-DV007 | B25: 2.5 | C25: 49.4 | D25: 33.8 | E25: 15.6 | F25: 7.83 | G25: 7.92 | H25: 0.99 | I25: ĐẠT
A26: HV-DV008 | B26: 2.75 | C26: 58.3 | D26: 40.8 | E26: 17.5 | F26: 7.79 | G26: 7.92 | H26: 0.98 | I26: ĐẠT
A27: HV-DV009 | B27: 3.25 | C27: 69.2 | D27: 57 | E27: 12.1 | F27: 5.62 | G27: 7.92 | H27: 0.71 | I27: ĐẠT
A28: HV-DV010 | B28: 2.75 | C28: 54.3 | D28: 40.8 | E28: 13.5 | F28: 5.64 | G28: 7.92 | H28: 0.71 | I28: ĐẠT
A29: HV-DV011 | B29: 2.75 | C29: 54.3 | D29: 40.8 | E29: 13.5 | F29: 5.64 | G29: 7.92 | H29: 0.71 | I29: ĐẠT
A30: HV-DV012 | B30: 2.75 | C30: 54.3 | D30: 40.8 | E30: 13.5 | F30: 5.67 | G30: 7.92 | H30: 0.72 | I30: ĐẠT
... A50: HV-DV032 | B50: 2.5 | C50: 49.2 | D50: 33.8 | E50: 15.4 | F50: 6.88 | G50: 7.92 | H50: 0.87 | I50: ĐẠT

Sheet KhoiLuong_BaoGia
A1: KHỐI LƯỢNG VÀ BÁO GIÁ THI CÔNG — HV-FPV-2026
A2: Phương án chốt: Cọc khoan nhồi D350 ven bờ + đế BTCT giữ bằng vít xoắn dưới đáy hồ
A3: Đơn giá cọc khoan nhồi là giá THAM KHẢO thị trường do Chủ đầu tư cung cấp, không phải báo giá nhà thầu. Hạng mục ghi "CHƯA CÓ ĐƠN GIÁ" chưa nằm trong tổng.
A5: STT | B5: HẠNG MỤC | C5: ĐƠN VỊ | D5: KHỐI LƯỢNG | E5: ĐƠN GIÁ (VNĐ) | F5: THÀNH TIỀN (VNĐ) | G5: GHI CHÚ
A6: A | B6: Cọc khoan nhồi trên bờ (đổ bê tông tại chỗ) | C6: md | D6: 1524.6 | E6: 480000 | F6: 731808000 | G6: Đơn giá trọn gói vật tư + nhân công; 231 cọc
A7: B.1 | B7: Đế BTCT neo đáy: bê tông B25 đúc sẵn (gồm ván khuôn, lỗ chờ, gờ chống trượt) | C7: m³ | D7: 92.8 | E7: 0 | F7: 0 | G7: CHƯA CÓ ĐƠN GIÁ — nhập để tính
A8: B.2 | B8: Đế BTCT neo đáy: cốt thép lưới 2 lớp | C8: kg | D8: 4400.6 | E8: 0 | F8: 0 | G8: CHƯA CÓ ĐƠN GIÁ — nhập để tính
A9: B.3 | B9: Vít xoắn ống thép Ø89×5, ren Ø105, mạ kẽm nhúng nóng | C9: md | D9: 473.6 | E9: 0 | F9: 0 | G9: CHƯA CÓ ĐƠN GIÁ — nhập để tính
A10: B.4 | B10: Hạ đế xuống đáy hồ, vặn vít, khóa đầu vít (cẩu trên sà lan, thợ lặn) | C10: đế | D10: 32 | E10: 0 | F10: 0 | G10: CHƯA CÓ ĐƠN GIÁ — nhập để tính
A11: B.5 | B11: Khấu hao lắp đặt sàn đạo nổi / sà lan | C11: chiến dịch | D11: 1 | E11: 50000000 | F11: 50000000 | G11: Cho cả chiến dịch lắp đế neo đáy
B12: CHÚ Ý: 4 hạng mục CHƯA CÓ ĐƠN GIÁ, tổng bên dưới CHƯA gồm các hạng mục này.
B13: CỘNG CHI PHÍ TRỰC TIẾP | F13: 781808000
B14: Dự phòng phí 5% | F14: 39090400
B15: Thuế VAT 8% | F15: 65671872
B16: TỔNG CỘNG (chưa gồm hạng mục chưa có đơn giá) | F16: 886570272
A18: KHỐI LƯỢNG KHÁC (không có trong báo giá)
B19: Bê tông cọc khoan nhồi | C19: m³ | D19: 146.7
B20: Cốt thép cọc khoan nhồi | C20: tấn | D20: 38.3
B21: Đế nặng nhất khi cẩu | C21: tấn | D21: 10.8
B22: Chưa gồm: cáp neo và phụ kiện, tai neo và khóa đầu vít của đế, bích neo đầu cọc, khảo sát, thử tải.
A24: KHỐI LƯỢNG THEO BÈ (đế dùng chung tính mỗi bè một nửa)
A25: BÈ | B25: Số cọc bờ | C25: Cọc bờ (md) | D25: Số đế | E25: Bê tông đế (m³) | F25: Thép bản (kg) | G25: Vít (md)
A26: BÈ 1 | B26: 17 | C26: 112.2 | D26: 1 | E26: 2.5 | F26: 119 | G26: 14.8
A27: BÈ 2 | B27: 15 | C27: 99 | D27: 2.5 | E27: 6.2 | F27: 299 | G27: 37
A28: BÈ 3 | B28: 15 | C28: 99 | D28: 3.5 | E28: 10.7 | F28: 511 | G28: 51.8
A29: BÈ 3A | B29: 31 | C29: 204.6 | D29: 9.5 | E29: 29.5 | F29: 1391 | G29: 140.6
A30: BÈ 5A | B30: 36 | C30: 237.6 | D30: 6.5 | E30: 19.5 | F30: 918 | G30: 96.2
A31: BÈ 6 | B31: 28 | C31: 184.8 | D31: 1.5 | E31: 4.5 | F31: 212 | G31: 22.2
A32: BÈ 7 | B32: 24 | C32: 158.4 | D32: 4.5 | E32: 12.5 | F32: 592 | G32: 66.6
A33: BÈ 8 | B33: 46 | C33: 303.6 | D33: 2.5 | E33: 6.2 | F33: 299 | G33: 37
A34: BÈ 9 | B34: 19 | C34: 125.4 | D34: 0.5 | E34: 1.2 | F34: 60 | G34: 7.4

Sheet ChieuDaiCatCap
A1: BẢNG CHIỀU DÀI CẮT CÁP NEO (295 TUYẾN: 231 dây bờ, 64 dây đáy) — HV-FPV-2026
A2: Nguyên tắc: KHÔNG lắp cáp bằng cách kéo căng. Mỗi dây cắt theo khoảng cách thẳng từ bích bè tới chốt neo ở mực nước mà khoảng cách đó DÀI NHẤT: dây đáy ở MNLKT 386 m, dây bờ ở MNC 380 m. Ở các mực nước khác dây chùng đúng bằng cột "Độ chùng".
A3: Giả thiết: cáp thẳng, không giãn (chưa xét độ võng và độ giãn khi chịu lực); bích bè cao hơn mặt nước 0,35 m; chiều dài tính từ CHỐT tới CHỐT, CHƯA gồm đoạn bện đầu, khuyên lót, ma-ní, tăng đơ.
A4: Cao độ đáy hồ tại đế là cao độ THIẾT KẾ (giả định): đáy thật thấp hơn thì dây đáy phải dài hơn — phải đo cao độ đáy từng đế trước khi cắt. Cao độ mặt đất tại cọc bờ lấy theo địa hình IFC, chưa phải khảo sát. Đầu dây phía bè cần có đoạn điều chỉnh.
A6: STT | B6: KÝ HIỆU DÂY | C6: BÈ | D6: LOẠI | E6: MÃ ĐẾ | F6: Tầm vươn (m) | G6: Cao độ chốt neo (m) | H6: Khoảng cách ở MNC (m) | I6: Khoảng cách ở MNDB (m) | J6: Khoảng cách ở MNLKT (m) | K6: Mực nước chi phối | L6: CHIỀU DÀI CẮT (m) | M6: Độ chùng ở MNC (m) | N6: Độ chùng ở MNDB (m) | O6: Độ chùng ở MNLKT (m) | P6: Độ rơ ngang ở MNC (m) | Q6: Độ rơ ngang ở MNDB (m) | R6: Độ rơ ngang ở MNLKT (m) | S6: Góc cáp ở MNC (°) | T6: Góc cáp ở MNDB (°) | U6: Góc cáp ở MNLKT (°) | V6: GHI CHÚ
A7: 1 | B7: B1-D01 | C7: BÈ 1 | D7: BỜ | E7: - | F7: 12.64 | G7: 384.39 | H7: 13.27 | I7: 12.65 | J7: 12.79 | K7: MNC | L7: 13.27 | M7: 0 | N7: 0.62 | O7: 0.48 | P7: 0 | Q7: 0.62 | R7: 0.48 | S7: -17.7 | T7: 2.1 | U7: 8.8
A8: 2 | B8: B1-D02 | C8: BÈ 1 | D8: BỜ | E8: - | F8: 13.7 | G8: 384.47 | H8: 14.31 | I8: 13.71 | J8: 13.83 | K8: MNC | L8: 14.31 | M8: 0 | N8: 0.6 | O8: 0.48 | P8: 0 | Q8: 0.6 | R8: 0.48 | S8: -16.8 | T8: 1.6 | U8: 7.8
A9: 3 | B9: B1-D03 | C9: BÈ 1 | D9: BỜ | E9: - | F9: 16.49 | G9: 384.43 | H9: 16.99 | I9: 16.5 | J9: 16.6 | K9: MNC | L9: 16.99 | M9: 0 | N9: 0.49 | O9: 0.39 | P9: 0 | Q9: 0.49 | R9: 0.39 | S9: -13.9 | T9: 1.5 | U9: 6.6
A10: 4 | B10: B1-D04 | C10: BÈ 1 | D10: BỜ | E10: - | F10: 32.3 | G10: 384.51 | H10: 32.57 | I10: 32.3 | J10: 32.35 | K10: MNC | L10: 32.57 | M10: 0 | N10: 0.26 | O10: 0.21 | P10: 0 | Q10: 0.26 | R10: 0.21 | S10: -7.3 | T10: 0.6 | U10: 3.3
A11: 5 | B11: B1-D05 | C11: BÈ 1 | D11: BỜ | E11: - | F11: 32.11 | G11: 384.69 | H11: 32.4 | I11: 32.11 | J11: 32.15 | K11: MNC | L11: 32.4 | M11: 0 | N11: 0.29 | O11: 0.25 | P11: 0 | Q11: 0.29 | R11: 0.25 | S11: -7.7 | T11: 0.3 | U11: 3
A12: 6 | B12: B1-D06 | C12: BÈ 1 | D12: BỜ | E12: - | F12: 33.12 | G12: 384.73 | H12: 33.41 | I12: 33.12 | J12: 33.16 | K12: MNC | L12: 33.41 | M12: 0 | N12: 0.29 | O12: 0.25 | P12: 0 | Q12: 0.29 | R12: 0.25 | S12: -7.5 | T12: 0.2 | U12: 2.8
A13: 7 | B13: B1-D07 | C13: BÈ 1 | D13: BỜ | E13: - | F13: 12.78 | G13: 384.35 | H13: 13.39 | I13: 12.79 | J13: 12.94 | K13: MNC | L13: 13.39 | M13: 0 | N13: 0.6 | O13: 0.45 | P13: 0 | Q13: 0.6 | R13: 0.46 | S13: -17.4 | T13: 2.2 | U13: 8.9
A14: 8 | B14: B1-D08 | C14: BÈ 1 | D14: BỜ | E14: - | F14: 13.84 | G14: 384.57 | H14: 14.47 | I14: 13.84 | J14: 13.95 | K14: MNC | L14: 14.47 | M14: 0 | N14: 0.63 | O14: 0.51 | P14: 0 | Q14: 0.63 | R14: 0.52 | S14: -17 | T14: 1.2 | U14: 7.3
A15: 9 | B15: B1-D09 | C15: BÈ 1 | D15: BỜ | E15: - | F15: 9.52 | G15: 384.27 | H15: 10.29 | I15: 9.54 | J15: 9.75 | K15: MNC | L15: 10.29 | M15: 0 | N15: 0.76 | O15: 0.55 | P15: 0 | Q15: 0.76 | R15: 0.56 | S15: -22.4 | T15: 3.5 | U15: 12.3 | V15: Dây bờ ngắn (< 10 m): góc cáp đổi nhiều theo mực nước, giữ bè kém khi chùng
A16: 10 | B16: B1-D10 | C16: BÈ 1 | D16: BỜ | E16: - | F16: 7.68 | G16: 384.79 | H16: 8.87 | I16: 7.68 | J16: 7.84 | K16: MNC | L16: 8.87 | M16: 0 | N16: 1.19 | O16: 1.03 | P16: 0 | Q16: 1.19 | R16: 1.05 | S16: -30 | T16: 0.4 | U16: 11.5 | V16: Dây bờ ngắn (< 10 m): góc cáp đổi nhiều theo mực nước, giữ bè kém khi chùng
A17: 11 | B17: B1-D11 | C17: BÈ 1 | D17: BỜ | E17: - | F17: 6.75 | G17: 384.54 | H17: 7.94 | I17: 6.76 | J17: 6.99 | K17: MNC | L17: 7.94 | M17: 0 | N17: 1.19 | O17: 0.95 | P17: 0 | Q17: 1.19 | R17: 0.98 | S17: -31.8 | T17: 2.7 | U17: 15 | V17: Dây bờ ngắn (< 10 m): góc cáp đổi nhiều theo mực nước, giữ bè kém khi chùng
A18: 12 | B18: B1-D12 | C18: BÈ 1 | D18: BỜ | E18: - | F18: 5.7 | G18: 383.86 | H18: 6.7 | I18: 5.78 | J18: 6.22 | K18: MNC | L18: 6.7 | M18: 0 | N18: 0.91 | O18: 0.48 | P18: 0 | Q18: 0.92 | R18: 0.52 | S18: -31.6 | T18: 9.8 | U18: 23.6 | V18: Dây bờ ngắn (< 10 m): góc cáp đổi nhiều theo mực nước, giữ bè kém khi chùng
A19: 13 | B19: B1-D13 | C19: BÈ 1 | D19: BỜ | E19: - | F19: 13.25 | G19: 384.68 | H19: 13.94 | I19: 13.25 | J19: 13.35 | K19: MNC | L19: 13.94 | M19: 0 | N19: 0.69 | O19: 0.59 | P19: 0 | Q19: 0.69 | R19: 0.59 | S19: -18.1 | T19: 0.7 | U19: 7.2
A20: 14 | B20: B1-D14 | C20: BÈ 1 | D20: BỜ | E20: - | F20: 42.92 | G20: 384.28 | H20: 43.1 | I20: 42.92 | J20: 42.97 | K20: MNC | L20: 43.1 | M20: 0 | N20: 0.18 | O20: 0.13 | P20: 0 | Q20: 0.18 | R20: 0.13 | S20: -5.2 | T20: 0.8 | U20: 2.8
A21: 15 | B21: B1-D15 | C21: BÈ 1 | D21: ĐÁY | E21: DV-001 | F21: 12.56 | G21: 378.85 | H21: 12.65 | I21: 13.92 | J21: 14.63 | K21: MNLKT | L21: 14.63 | M21: 1.98 | N21: 0.71 | O21: 0 | P21: 1.99 | Q21: 0.78 | R21: 0 | S21: 6.8 | T21: 25.5 | U21: 30.8 | V21: Đo cao độ đáy thực tế trước khi cắt
A22: 16 | B22: B1-D16 | C22: BÈ 1 | D22: BỜ | E22: - | F22: 44 | G22: 384.16 | H22: 44.16 | I22: 44.01 | J22: 44.05 | K22: MNC | L22: 44.16 | M22: 0 | N22: 0.16 | O22: 0.11 | P22: 0 | Q22: 0.16 | R22: 0.11 | S22: -5 | T22: 0.9 | U22: 2.8
A23: 17 | B23: B1-D17 | C23: BÈ 1 | D23: BỜ | E23: - | F23: 24.5 | G23: 384.17 | H23: 24.8 | I23: 24.51 | J23: 24.6 | K23: MNC | L23: 24.8 | M23: 0 | N23: 0.29 | O23: 0.2 | P23: 0 | Q23: 0.29 | R23: 0.2 | S23: -8.9 | T23: 1.6 | U23: 5.1
A24: 18 | B24: B1-D18 | C24: BÈ 1 | D24: BỜ | E24: - | F24: 17 | G24: 384.17 | H24: 17.42 | I24: 17.01 | J24: 17.14 | K24: MNC | L24: 17.42 | M24: 0 | N24: 0.41 | O24: 0.28 | P24: 0 | Q24: 0.41 | R24: 0.29 | S24: -12.7 | T24: 2.3 | U24: 7.3
A25: 19 | B25: B1-D19 | C25: BÈ 1 | D25: ĐÁY | E25: DV-002 | F25: 11.3 | G25: 378.85 | H25: 11.4 | I25: 12.79 | J25: 13.56 | K25: MNLKT | L25: 13.56 | M25: 2.16 | N25: 0.77 | O25: 0 | P25: 2.18 | Q25: 0.86 | R25: 0 | S25: 7.6 | T25: 28 | U25: 33.6 | V25: Đo cao độ đáy thực tế trước khi cắt
A26: 20 | B26: B2-D01 | C26: BÈ 2 | D26: BỜ | E26: - | F26: 12.97 | G26: 384.75 | H26: 13.7 | I26: 12.97 | J26: 13.07 | K26: MNC | L26: 13.7 | M26: 0 | N26: 0.73 | O26: 0.63 | P26: 0 | Q26: 0.73 | R26: 0.63 | S26: -18.8 | T26: 0.4 | U26: 7
A27: 21 | B27: B2-D02 | C27: BÈ 2 | D27: BỜ | E27: - | F27: 36.85 | G27: 384.57 | H27: 37.09 | I27: 36.85 | J27: 36.89 | K27: MNC | L27: 37.09 | M27: 0 | N27: 0.24 | O27: 0.2 | P27: 0 | Q27: 0.24 | R27: 0.2 | S27: -6.5 | T27: 0.4 | U27: 2.8
A28: 22 | B28: B2-D03 | C28: BÈ 2 | D28: BỜ | E28: - | F28: 38.53 | G28: 384.81 | H28: 38.79 | I28: 38.53 | J28: 38.56 | K28: MNC | L28: 38.79 | M28: 0 | N28: 0.26 | O28: 0.23 | P28: 0 | Q28: 0.26 | R28: 0.23 | S28: -6.6 | T28: 0.1 | U28: 2.3
A29: 23 | B29: B2-D04 | C29: BÈ 2 | D29: BỜ | E29: - | F29: 41.84 | G29: 384.61 | H29: 42.06 | I29: 41.84 | J29: 41.88 | K29: MNC | L29: 42.06 | M29: 0 | N29: 0.22 | O29: 0.18 | P29: 0 | Q29: 0.22 | R29: 0.18 | S29: -5.8 | T29: 0.3 | U29: 2.4
A30: 24 | B30: B2-D05 | C30: BÈ 2 | D30: BỜ | E30: - | F30: 22.74 | G30: 384.83 | H30: 23.18 | I30: 22.74 | J30: 22.79 | K30: MNC | L30: 23.18 | M30: 0 | N30: 0.44 | O30: 0.39 | P30: 0 | Q30: 0.44 | R30: 0.39 | S30: -11.1 | T30: 0.1 | U30: 3.8
A31: 25 | B31: B2-D06 | C31: BÈ 2 | D31: BỜ | E31: - | F31: 19.22 | G31: 384.94 | H31: 19.76 | I31: 19.22 | J31: 19.27 | K31: MNC | L31: 19.76 | M31: 0 | N31: 0.54 | O31: 0.49 | P31: 0 | Q31: 0.54 | R31: 0.49 | S31: -13.4 | T31: -0.3 | U31: 4.2
A32: 26 | B32: B2-D07 | C32: BÈ 2 | D32: BỜ | E32: - | F32: 12.97 | G32: 384.23 | H32: 13.54 | I32: 12.98 | J32: 13.14 | K32: MNC | L32: 13.54 | M32: 0 | N32: 0.55 | O32: 0.4 | P32: 0 | Q32: 0.55 | R32: 0.4 | S32: -16.7 | T32: 2.7 | U32: 9.3
A33: 27 | B33: B2-D08 | C33: BÈ 2 | D33: BỜ | E33: - | F33: 13.7 | G33: 384.54 | H33: 14.33 | I33: 13.7 | J33: 13.82 | K33: MNC | L33: 14.33 | M33: 0 | N33: 0.62 | O33: 0.51 | P33: 0 | Q33: 0.62 | R33: 0.51 | S33: -17 | T33: 1.3 | U33: 7.5
A34: 28 | B34: B2-D09 | C34: BÈ 2 | D34: BỜ | E34: - | F34: 12.77 | G34: 384.06 | H34: 13.3 | I34: 12.79 | J34: 12.97 | K34: MNC | L34: 13.3 | M34: 0 | N34: 0.51 | O34: 0.33 | P34: 0 | Q34: 0.51 | R34: 0.33 | S34: -16.2 | T34: 3.5 | U34: 10.1
A35: 29 | B35: B2-D10 | C35: BÈ 2 | D35: BỜ | E35: - | F35: 15.13 | G35: 384.59 | H35: 15.71 | I35: 15.13 | J35: 15.23 | K35: MNC | L35: 15.71 | M35: 0 | N35: 0.58 | O35: 0.48 | P35: 0 | Q35: 0.58 | R35: 0.48 | S35: -15.7 | T35: 1 | U35: 6.6
A36: 30 | B36: B2-D11 | C36: BÈ 2 | D36: BỜ | E36: - | F36: 15.01 | G36: 384.18 | H36: 15.49 | I36: 15.03 | J36: 15.17 | K36: MNC | L36: 15.49 | M36: 0 | N36: 0.46 | O36: 0.32 | P36: 0 | Q36: 0.46 | R36: 0.33 | S36: -14.3 | T36: 2.6 | U36: 8.2
A37: 31 | B37: B2-D12 | C37: BÈ 2 | D37: ĐÁY | E37: DV-003 | F37: 10.08 | G37: 378.85 | H37: 10.19 | I37: 11.73 | J37: 12.56 | K37: MNLKT | L37: 12.56 | M37: 2.37 | N37: 0.83 | O37: 0 | P37: 2.39 | Q37: 0.96 | R37: 0 | S37: 8.5 | T37: 30.8 | U37: 36.7 | V37: Cáp dốc tới 37°: thành phần đứng lớn tại bích bè; Đo cao độ đáy thực tế trước khi cắt
A38: 32 | B38: B2-D13 | C38: BÈ 2 | D38: ĐÁY | E38: DV-001 | F38: 12.57 | G38: 378.85 | H38: 12.66 | I38: 13.93 | J38: 14.64 | K38: MNLKT | L38: 14.64 | M38: 1.98 | N38: 0.71 | O38: 0 | P38: 1.99 | Q38: 0.78 | R38: 0 | S38: 6.8 | T38: 25.5 | U38: 30.8 | V38: Đo cao độ đáy thực tế trước khi cắt
A39: 33 | B39: B2-D14 | C39: BÈ 2 | D39: BỜ | E39: - | F39: 30 | G39: 384.19 | H39: 30.24 | I39: 30.01 | J39: 30.08 | K39: MNC | L39: 30.24 | M39: 0 | N39: 0.24 | O39: 0.17 | P39: 0 | Q39: 0.24 | R39: 0.17 | S39: -7.3 | T39: 1.3 | U39: 4.1
A40: 34 | B40: B2-D15 | C40: BÈ 2 | D40: BỜ | E40: - | F40: 17 | G40: 384.24 | H40: 17.44 | I40: 17.01 | J40: 17.13 | K40: MNC | L40: 17.44 | M40: 0 | N40: 0.43 | O40: 0.31 | P40: 0 | Q40: 0.43 | R40: 0.31 | S40: -12.9 | T40: 2.1 | U40: 7.1
A41: 35 | B41: B2-D16 | C41: BÈ 2 | D41: BỜ | E41: - | F41: 36.5 | G41: 384.18 | H41: 36.7 | I41: 36.51 | J41: 36.56 | K41: MNC | L41: 36.7 | M41: 0 | N41: 0.19 | O41: 0.14 | P41: 0 | Q41: 0.19 | R41: 0.14 | S41: -6 | T41: 1.1 | U41: 3.4
A42: 36 | B42: B2-D17 | C42: BÈ 2 | D42: ĐÁY | E42: DV-004 | F42: 9.01 | G42: 378.85 | H42: 9.13 | I42: 10.82 | J42: 11.72 | K42: MNLKT | L42: 11.72 | M42: 2.59 | N42: 0.9 | O42: 0 | P42: 2.62 | Q42: 1.06 | R42: 0 | S42: 9.5 | T42: 33.7 | U42: 39.8 | V42: Cáp dốc tới 40°: thành phần đứng lớn tại bích bè; Đo cao độ đáy thực tế trước khi cắt
A43: 37 | B43: B2-D18 | C43: BÈ 2 | D43: ĐÁY | E43: DV-005 | F43: 14.23 | G43: 378.85 | H43: 14.31 | I43: 15.44 | J43: 16.09 | K43: MNLKT | L43: 16.09 | M43: 1.78 | N43: 0.64 | O43: 0 | P43: 1.79 | Q43: 0.69 | R43: 0 | S43: 6 | T43: 22.9 | U43: 27.8 | V43: Đo cao độ đáy thực tế trước khi cắt
A44: 38 | B44: B2-D19 | C44: BÈ 2 | D44: BỜ | E44: - | F44: 40 | G44: 384.12 | H44: 40.18 | I44: 40.01 | J44: 40.06 | K44: MNC | L44: 40.18 | M44: 0 | N44: 0.17 | O44: 0.11 | P44: 0 | Q44: 0.17 | R44: 0.11 | S44: -5.4 | T44: 1.1 | U44: 3.2
A45: 39 | B45: B2-D20 | C45: BÈ 2 | D45: ĐÁY | E45: DV-002 | F45: 11.3 | G45: 378.85 | H45: 11.4 | I45: 12.79 | J45: 13.56 | K45: MNLKT | L45: 13.56 | M45: 2.16 | N45: 0.77 | O45: 0 | P45: 2.18 | Q45: 0.86 | R45: 0 | S45: 7.6 | T45: 28 | U45: 33.6 | V45: Đo cao độ đáy thực tế trước khi cắt
A46: 40 | B46: B3-D01 | C46: BÈ 3 | D46: BỜ | E46: - | F46: 26.29 | G46: 385.14 | H46: 26.72 | I46: 26.29 | J46: 26.32 | K46: MNC | L46: 26.72 | M46: 0 | N46: 0.43 | O46: 0.4 | P46: 0 | Q46: 0.43 | R46: 0.4 | S46: -10.3 | T46: -0.6 | U46: 2.6
A47: 41 | B47: B3-D02 | C47: BÈ 3 | D47: BỜ | E47: - | F47: 15.87 | G47: 384.65 | H47: 16.44 | I47: 15.87 | J47: 15.96 | K47: MNC | L47: 16.44 | M47: 0 | N47: 0.57 | O47: 0.48 | P47: 0 | Q47: 0.57 | R47: 0.48 | S47: -15.2 | T47: 0.7 | U47: 6.1
A48: 42 | B48: B3-D03 | C48: BÈ 3 | D48: BỜ | E48: - | F48: 16.91 | G48: 384.6 | H48: 17.44 | I48: 16.91 | J48: 17 | K48: MNC | L48: 17.44 | M48: 0 | N48: 0.52 | O48: 0.44 | P48: 0 | Q48: 0.52 | R48: 0.44 | S48: -14.1 | T48: 0.9 | U48: 5.9
A49: 43 | B49: B3-D04 | C49: BÈ 3 | D49: BỜ | E49: - | F49: 17.68 | G49: 385.05 | H49: 18.29 | I49: 17.68 | J49: 17.73 | K49: MNC | L49: 18.29 | M49: 0 | N49: 0.61 | O49: 0.57 | P49: 0 | Q49: 0.61 | R49: 0.57 | S49: -14.9 | T49: -0.6 | U49: 4.2
A50: 44 | B50: B3-D05 | C50: BÈ 3 | D50: BỜ | E50: - | F50: 20.05 | G50: 384.34 | H50: 20.44 | I50: 20.06 | J50: 20.15 | K50: MNC | L50: 20.44 | M50: 0 | N50: 0.39 | O50: 0.29 | P50: 0 | Q50: 0.39 | R50: 0.3 | S50: -11.3 | T50: 1.4 | U50: 5.7
A51: 45 | B51: B3-D06 | C51: BÈ 3 | D51: BỜ | E51: - | F51: 19.53 | G51: 384.59 | H51: 19.99 | I51: 19.53 | J51: 19.61 | K51: MNC | L51: 19.99 | M51: 0 | N51: 0.45 | O51: 0.38 | P51: 0 | Q51: 0.45 | R51: 0.38 | S51: -12.3 | T51: 0.8 | U51: 5.1
A52: 46 | B52: B3-D07 | C52: BÈ 3 | D52: BỜ | E52: - | F52: 18.08 | G52: 384.4 | H52: 18.53 | I52: 18.09 | J52: 18.18 | K52: MNC | L52: 18.53 | M52: 0 | N52: 0.44 | O52: 0.34 | P52: 0 | Q52: 0.44 | R52: 0.35 | S52: -12.6 | T52: 1.4 | U52: 6.1
A53: 47 | B53: B3-D08 | C53: BÈ 3 | D53: BỜ | E53: - | F53: 21.05 | G53: 384.48 | H53: 21.45 | I53: 21.05 | J53: 21.13 | K53: MNC | L53: 21.45 | M53: 0 | N53: 0.4 | O53: 0.32 | P53: 0 | Q53: 0.4 | R53: 0.32 | S53: -11.1 | T53: 1 | U53: 5.1
A54: 48 | B54: B3-D09 | C54: BÈ 3 | D54: BỜ | E54: - | F54: 21.43 | G54: 384.55 | H54: 21.84 | I54: 21.43 | J54: 21.51 | K54: MNC | L54: 21.84 | M54: 0 | N54: 0.41 | O54: 0.33 | P54: 0 | Q54: 0.41 | R54: 0.33 | S54: -11.1 | T54: 0.8 | U54: 4.8
A55: 49 | B55: B3-D10 | C55: BÈ 3 | D55: BỜ | E55: - | F55: 22.95 | G55: 384.39 | H55: 23.3 | I55: 22.95 | J55: 23.03 | K55: MNC | L55: 23.3 | M55: 0 | N55: 0.35 | O55: 0.27 | P55: 0 | Q55: 0.35 | R55: 0.27 | S55: -10 | T55: 1.1 | U55: 4.9
A56: 50 | B56: B3-D11 | C56: BÈ 3 | D56: BỜ | E56: - | F56: 23.71 | G56: 384.57 | H56: 24.08 | I56: 23.71 | J56: 23.78 | K56: MNC | L56: 24.08 | M56: 0 | N56: 0.37 | O56: 0.31 | P56: 0 | Q56: 0.37 | R56: 0.31 | S56: -10.1 | T56: 0.7 | U56: 4.3
A57: 51 | B57: B3-D12 | C57: BÈ 3 | D57: ĐÁY | E57: DV-006 | F57: 9.36 | G57: 378.85 | H57: 9.48 | I57: 11.12 | J57: 11.99 | K57: MNLKT | L57: 11.99 | M57: 2.51 | N57: 0.88 | O57: 0 | P57: 2.54 | Q57: 1.03 | R57: 0 | S57: 9.1 | T57: 32.7 | U57: 38.7 | V57: Cáp dốc tới 39°: thành phần đứng lớn tại bích bè; Đo cao độ đáy thực tế trước khi cắt
A58: 52 | B58: B3-D13 | C58: BÈ 3 | D58: ĐÁY | E58: DV-005 | F58: 14.23 | G58: 378.85 | H58: 14.31 | I58: 15.44 | J58: 16.09 | K58: MNLKT | L58: 16.09 | M58: 1.78 | N58: 0.64 | O58: 0 | P58: 1.79 | Q58: 0.69 | R58: 0 | S58: 6 | T58: 22.9 | U58: 27.8 | V58: Đo cao độ đáy thực tế trước khi cắt
A59: 53 | B59: B3-D14 | C59: BÈ 3 | D59: ĐÁY | E59: DV-007 | F59: 15.33 | G59: 378.85 | H59: 15.4 | I59: 16.46 | J59: 17.07 | K59: MNLKT | L59: 17.07 | M59: 1.66 | N59: 0.6 | O59: 0 | P59: 1.67 | Q59: 0.65 | R59: 0 | S59: 5.6 | T59: 21.4 | U59: 26.1 | V59: Đo cao độ đáy thực tế trước khi cắt
A60: 54 | B60: B3-D15 | C60: BÈ 3 | D60: BỜ | E60: - | F60: 58 | G60: 385.18 | H60: 58.2 | I60: 58 | J60: 58.01 | K60: MNC | L60: 58.2 | M60: 0 | N60: 0.2 | O60: 0.19 | P60: 0 | Q60: 0.2 | R60: 0.19 | S60: -4.8 | T60: -0.3 | U60: 1.2
A61: 55 | B61: B3-D16 | C61: BÈ 3 | D61: BỜ | E61: - | F61: 33.5 | G61: 384.16 | H61: 33.72 | I61: 33.51 | J61: 33.57 | K61: MNC | L61: 33.72 | M61: 0 | N61: 0.21 | O61: 0.15 | P61: 0 | Q61: 0.21 | R61: 0.15 | S61: -6.5 | T61: 1.2 | U61: 3.7
A62: 56 | B62: B3-D17 | C62: BÈ 3 | D62: ĐÁY | E62: DV-004 | F62: 9.02 | G62: 378.85 | H62: 9.14 | I62: 10.83 | J62: 11.73 | K62: MNLKT | L62: 11.73 | M62: 2.59 | N62: 0.9 | O62: 0 | P62: 2.61 | Q62: 1.06 | R62: 0 | S62: 9.4 | T62: 33.6 | U62: 39.7 | V62: Cáp dốc tới 40°: thành phần đứng lớn tại bích bè; Đo cao độ đáy thực tế trước khi cắt
A63: 57 | B63: B3-D18 | C63: BÈ 3 | D63: BỜ | E63: - | F63: 20.5 | G63: 384.13 | H63: 20.85 | I63: 20.51 | J63: 20.62 | K63: MNC | L63: 20.85 | M63: 0 | N63: 0.33 | O63: 0.23 | P63: 0 | Q63: 0.33 | R63: 0.23 | S63: -10.5 | T63: 2 | U63: 6.2
A64: 58 | B64: B3-D19 | C64: BÈ 3 | D64: BỜ | E64: - | F64: 15 | G64: 384.15 | H64: 15.47 | I64: 15.02 | J64: 15.16 | K64: MNC | L64: 15.47 | M64: 0 | N64: 0.46 | O64: 0.31 | P64: 0 | Q64: 0.46 | R64: 0.32 | S64: -14.2 | T64: 2.7 | U64: 8.3
A65: 59 | B65: B3-D20 | C65: BÈ 3 | D65: ĐÁY | E65: DV-008 | F65: 12.34 | G65: 378.85 | H65: 12.43 | I65: 13.72 | J65: 14.44 | K65: MNLKT | L65: 14.44 | M65: 2.01 | N65: 0.72 | O65: 0 | P65: 2.02 | Q65: 0.79 | R65: 0 | S65: 6.9 | T65: 25.9 | U65: 31.3 | V65: Đo cao độ đáy thực tế trước khi cắt
A66: 60 | B66: B3-D21 | C66: BÈ 3 | D66: ĐÁY | E66: DV-009 | F66: 9.6 | G66: 378.85 | H66: 9.72 | I66: 11.32 | J66: 12.18 | K66: MNLKT | L66: 12.18 | M66: 2.47 | N66: 0.86 | O66: 0 | P66: 2.49 | Q66: 1 | R66: 0 | S66: 8.9 | T66: 32 | U66: 38 | V66: Cáp dốc tới 38°: thành phần đứng lớn tại bích bè; Đo cao độ đáy thực tế trước khi cắt
A67: 61 | B67: B3-D22 | C67: BÈ 3 | D67: ĐÁY | E67: DV-003 | F67: 10.07 | G67: 378.85 | H67: 10.18 | I67: 11.72 | J67: 12.56 | K67: MNLKT | L67: 12.56 | M67: 2.37 | N67: 0.83 | O67: 0 | P67: 2.4 | Q67: 0.96 | R67: 0 | S67: 8.5 | T67: 30.8 | U67: 36.7 | V67: Cáp dốc tới 37°: thành phần đứng lớn tại bích bè; Đo cao độ đáy thực tế trước khi cắt
A68: 62 | B68: B3A-D01 | C68: BÈ 3A | D68: BỜ | E68: - | F68: 17.04 | G68: 384.36 | H68: 17.51 | I68: 17.05 | J68: 17.16 | K68: MNC | L68: 17.51 | M68: 0 | N68: 0.46 | O68: 0.35 | P68: 0 | Q68: 0.46 | R68: 0.35 | S68: -13.2 | T68: 1.6 | U68: 6.7
A69: 63 | B69: B3A-D02 | C69: BÈ 3A | D69: BỜ | E69: - | F69: 18.55 | G69: 383.89 | H69: 18.89 | I69: 18.57 | J69: 18.71 | K69: MNC | L69: 18.89 | M69: 0 | N69: 0.31 | O69: 0.17 | P69: 0 | Q69: 0.31 | R69: 0.18 | S69: -10.8 | T69: 2.9 | U69: 7.5
A70: 64 | B70: B3A-D03 | C70: BÈ 3A | D70: BỜ | E70: - | F70: 25.95 | G70: 384.95 | H70: 26.35 | I70: 25.95 | J70: 25.99 | K70: MNC | L70: 26.35 | M70: 0 | N70: 0.4 | O70: 0.37 | P70: 0 | Q70: 0.4 | R70: 0.37 | S70: -10.1 | T70: -0.2 | U70: 3.1
A71: 65 | B71: B3A-D04 | C71: BÈ 3A | D71: BỜ | E71: - | F71: 26.32 | G71: 384.7 | H71: 26.68 | I71: 26.32 | J71: 26.37 | K71: MNC | L71: 26.68 | M71: 0 | N71: 0.36 | O71: 0.3 | P71: 0 | Q71: 0.36 | R71: 0.31 | S71: -9.4 | T71: 0.3 | U71: 3.6
A72: 66 | B72: B3A-D05 | C72: BÈ 3A | D72: BỜ | E72: - | F72: 32.35 | G72: 384.16 | H72: 32.57 | I72: 32.36 | J72: 32.42 | K72: MNC | L72: 32.57 | M72: 0 | N72: 0.22 | O72: 0.15 | P72: 0 | Q72: 0.22 | R72: 0.15 | S72: -6.7 | T72: 1.2 | U72: 3.9
A73: 67 | B73: B3A-D06 | C73: BÈ 3A | D73: BỜ | E73: - | F73: 28.79 | G73: 384.53 | H73: 29.09 | I73: 28.79 | J73: 28.85 | K73: MNC | L73: 29.09 | M73: 0 | N73: 0.3 | O73: 0.24 | P73: 0 | Q73: 0.3 | R73: 0.25 | S73: -8.3 | T73: 0.6 | U73: 3.6
A74: 68 | B74: B3A-D07 | C74: BÈ 3A | D74: BỜ | E74: - | F74: 46.46 | G74: 384.6 | H74: 46.65 | I74: 46.46 | J74: 46.49 | K74: MNC | L74: 46.65 | M74: 0 | N74: 0.19 | O74: 0.16 | P74: 0 | Q74: 0.19 | R74: 0.16 | S74: -5.2 | T74: 0.3 | U74: 2.2
A75: 69 | B75: B3A-D08 | C75: BÈ 3A | D75: BỜ | E75: - | F75: 46.9 | G75: 384.54 | H75: 47.09 | I75: 46.9 | J75: 46.94 | K75: MNC | L75: 47.09 | M75: 0 | N75: 0.19 | O75: 0.15 | P75: 0 | Q75: 0.19 | R75: 0.15 | S75: -5.1 | T75: 0.4 | U75: 2.2
A76: 70 | B76: B3A-D09 | C76: BÈ 3A | D76: BỜ | E76: - | F76: 47.72 | G76: 384.6 | H76: 47.91 | I76: 47.72 | J76: 47.75 | K76: MNC | L76: 47.91 | M76: 0 | N76: 0.19 | O76: 0.16 | P76: 0 | Q76: 0.19 | R76: 0.16 | S76: -5.1 | T76: 0.3 | U76: 2.1
A77: 71 | B77: B3A-D10 | C77: BÈ 3A | D77: BỜ | E77: - | F77: 47.9 | G77: 384.59 | H77: 48.09 | I77: 47.9 | J77: 47.93 | K77: MNC | L77: 48.09 | M77: 0 | N77: 0.19 | O77: 0.15 | P77: 0 | Q77: 0.19 | R77: 0.15 | S77: -5.1 | T77: 0.3 | U77: 2.1
A78: 72 | B78: B3A-D11 | C78: BÈ 3A | D78: BỜ | E78: - | F78: 48.3 | G78: 384.49 | H78: 48.48 | I78: 48.3 | J78: 48.34 | K78: MNC | L78: 48.48 | M78: 0 | N78: 0.18 | O78: 0.14 | P78: 0 | Q78: 0.18 | R78: 0.14 | S78: -4.9 | T78: 0.4 | U78: 2.2
A79: 73 | B79: B3A-D12 | C79: BÈ 3A | D79: BỜ | E79: - | F79: 48.76 | G79: 384.55 | H79: 48.94 | I79: 48.76 | J79: 48.79 | K79: MNC | L79: 48.94 | M79: 0 | N79: 0.18 | O79: 0.15 | P79: 0 | Q79: 0.18 | R79: 0.15 | S79: -4.9 | T79: 0.4 | U79: 2.1
... A87: 81 | B87: B3A-D20 | C87: BÈ 3A | D87: BỜ | E87: - | F87: 18.5 | G87: 384.11 | H87: 18.88 | I87: 18.51 | J87: 18.63 | K87: MNC | L87: 18.88 | M87: 0 | N87: 0.36 | O87: 0.24 | P87: 0 | Q87: 0.36 | R87: 0.25 | S87: -11.5 | T87: 2.3 | U87: 6.9
A88: 82 | B88: B3A-D21 | C88: BÈ 3A | D88: ĐÁY | E88: DV-007 | F88: 15.33 | G88: 378.85 | H88: 15.4 | I88: 16.46 | J88: 17.07 | K88: MNLKT | L88: 17.07 | M88: 1.66 | N88: 0.6 | O88: 0 | P88: 1.67 | Q88: 0.65 | R88: 0 | S88: 5.6 | T88: 21.4 | U88: 26.1 | V88: Đo cao độ đáy thực tế trước khi cắt
A89: 83 | B89: B3A-D22 | C89: BÈ 3A | D89: ĐÁY | E89: DV-008 | F89: 12.34 | G89: 378.85 | H89: 12.43 | I89: 13.72 | J89: 14.44 | K89: MNLKT | L89: 14.44 | M89: 2.01 | N89: 0.72 | O89: 0 | P89: 2.02 | Q89: 0.79 | R89: 0 | S89: 6.9 | T89: 25.9 | U89: 31.3 | V89: Đo cao độ đáy thực tế trước khi cắt
A90: 84 | B90: B3A-D23 | C90: BÈ 3A | D90: ĐÁY | E90: DV-006 | F90: 9.35 | G90: 378.85 | H90: 9.47 | I90: 11.11 | J90: 11.99 | K90: MNLKT | L90: 11.99 | M90: 2.52 | N90: 0.88 | O90: 0 | P90: 2.54 | Q90: 1.03 | R90: 0 | S90: 9.1 | T90: 32.7 | U90: 38.7 | V90: Cáp dốc tới 39°: thành phần đứng lớn tại bích bè; Đo cao độ đáy thực tế trước khi cắt
A91: 85 | B91: B3A-D24 | C91: BÈ 3A | D91: ĐÁY | E91: DV-009 | F91: 9.59 | G91: 378.85 | H91: 9.71 | I91: 11.31 | J91: 12.17 | K91: MNLKT | L91: 12.17 | M91: 2.47 | N91: 0.86 | O91: 0 | P91: 2.49 | Q91: 1 | R91: 0 | S91: 8.9 | T91: 32 | U91: 38 | V91: Cáp dốc tới 38°: thành phần đứng lớn tại bích bè; Đo cao độ đáy thực tế trước khi cắt
A92: 86 | B92: B3A-D25 | C92: BÈ 3A | D92: BỜ | E92: - | F92: 53.5 | G92: 384.14 | H92: 53.63 | I92: 53.5 | J92: 53.55 | K92: MNC | L92: 53.63 | M92: 0 | N92: 0.13 | O92: 0.09 | P92: 0 | Q92: 0.13 | R92: 0.09 | S92: -4 | T92: 0.8 | U92: 2.4
A93: 87 | B93: B3A-D26 | C93: BÈ 3A | D93: BỜ | E93: - | F93: 41 | G93: 384.17 | H93: 41.18 | I93: 41.01 | J93: 41.06 | K93: MNC | L93: 41.18 | M93: 0 | N93: 0.17 | O93: 0.12 | P93: 0 | Q93: 0.17 | R93: 0.12 | S93: -5.3 | T93: 1 | U93: 3
A94: 88 | B94: B3A-D27 | C94: BÈ 3A | D94: BỜ | E94: - | F94: 35.5 | G94: 385.35 | H94: 35.85 | I94: 35.5 | J94: 35.51 | K94: MNC | L94: 35.85 | M94: 0 | N94: 0.35 | O94: 0.34 | P94: 0 | Q94: 0.35 | R94: 0.34 | S94: -8 | T94: -0.8 | U94: 1.6
A95: 89 | B95: B3A-D28 | C95: BÈ 3A | D95: BỜ | E95: - | F95: 31.49 | G95: 384.24 | H95: 31.73 | I95: 31.5 | J95: 31.56 | K95: MNC | L95: 31.73 | M95: 0 | N95: 0.23 | O95: 0.17 | P95: 0 | Q95: 0.23 | R95: 0.17 | S95: -7 | T95: 1.1 | U95: 3.8
A96: 90 | B96: B3A-D29 | C96: BÈ 3A | D96: BỜ | E96: - | F96: 28 | G96: 384.21 | H96: 28.27 | I96: 28.01 | J96: 28.08 | K96: MNC | L96: 28.27 | M96: 0 | N96: 0.26 | O96: 0.18 | P96: 0 | Q96: 0.26 | R96: 0.18 | S96: -7.9 | T96: 1.3 | U96: 4.4
A97: 91 | B97: B3A-D30 | C97: BÈ 3A | D97: BỜ | E97: - | F97: 19 | G97: 384.13 | H97: 19.37 | I97: 19.01 | J97: 19.13 | K97: MNC | L97: 19.37 | M97: 0 | N97: 0.36 | O97: 0.24 | P97: 0 | Q97: 0.36 | R97: 0.25 | S97: -11.3 | T97: 2.2 | U97: 6.7
A98: 92 | B98: B3A-D31 | C98: BÈ 3A | D98: BỜ | E98: - | F98: 27.51 | G98: 384.22 | H98: 27.78 | I98: 27.52 | J98: 27.59 | K98: MNC | L98: 27.78 | M98: 0 | N98: 0.26 | O98: 0.19 | P98: 0 | Q98: 0.26 | R98: 0.19 | S98: -8 | T98: 1.3 | U98: 4.4
A99: 93 | B99: B3A-D32 | C99: BÈ 3A | D99: BỜ | E99: - | F99: 41.01 | G99: 385.36 | H99: 41.32 | I99: 41.01 | J99: 41.02 | K99: MNC | L99: 41.32 | M99: 0 | N99: 0.3 | O99: 0.29 | P99: 0 | Q99: 0.3 | R99: 0.29 | S99: -7 | T99: -0.7 | U99: 1.4
A100: 94 | B100: B3A-D33 | C100: BÈ 3A | D100: BỜ | E100: - | F100: 38.84 | G100: 384.25 | H100: 39.04 | I100: 38.84 | J100: 38.9 | K100: MNC | L100: 39.04 | M100: 0 | N100: 0.19 | O100: 0.14 | P100: 0 | Q100: 0.19 | R100: 0.14 | S100: -5.7 | T100: 0.9 | U100: 3.1
A101: 95 | B101: B3A-D34 | C101: BÈ 3A | D101: BỜ | E101: - | F101: 43.5 | G101: 384.18 | H101: 43.67 | I101: 43.51 | J101: 43.55 | K101: MNC | L101: 43.67 | M101: 0 | N101: 0.16 | O101: 0.11 | P101: 0 | Q101: 0.16 | R101: 0.11 | S101: -5 | T101: 0.9 | U101: 2.9
A102: 96 | B102: B3A-D35 | C102: BÈ 3A | D102: BỜ | E102: - | F102: 44.5 | G102: 384.22 | H102: 44.67 | I102: 44.5 | J102: 44.55 | K102: MNC | L102: 44.67 | M102: 0 | N102: 0.16 | O102: 0.12 | P102: 0 | Q102: 0.16 | R102: 0.12 | S102: -5 | T102: 0.8 | U102: 2.7
A103: 97 | B103: B3A-D36 | C103: BÈ 3A | D103: ĐÁY | E103: DV-010 | F103: 20.96 | G103: 378.85 | H103: 21.01 | I103: 21.8 | J103: 22.26 | K103: MNLKT | L103: 22.26 | M103: 1.25 | N103: 0.46 | O103: 0 | P103: 1.25 | Q103: 0.48 | R103: 0 | S103: 4.1 | T103: 16 | U103: 19.7 | V103: Đo cao độ đáy thực tế trước khi cắt
A104: 98 | B104: B3A-D37 | C104: BÈ 3A | D104: ĐÁY | E104: DV-011 | F104: 20.95 | G104: 378.85 | H104: 21 | I104: 21.79 | J104: 22.25 | K104: MNLKT | L104: 22.25 | M104: 1.25 | N104: 0.46 | O104: 0 | P104: 1.25 | Q104: 0.48 | R104: 0 | S104: 4.1 | T104: 16 | U104: 19.7 | V104: Đo cao độ đáy thực tế trước khi cắt
A105: 99 | B105: B3A-D38 | C105: BÈ 3A | D105: ĐÁY | E105: DV-012 | F105: 21.06 | G105: 378.85 | H105: 21.11 | I105: 21.9 | J105: 22.36 | K105: MNLKT | L105: 22.36 | M105: 1.24 | N105: 0.46 | O105: 0 | P105: 1.25 | Q105: 0.48 | R105: 0 | S105: 4.1 | T105: 15.9 | U105: 19.6 | V105: Đo cao độ đáy thực tế trước khi cắt
A106: 100 | B106: B3A-D39 | C106: BÈ 3A | D106: ĐÁY | E106: DV-013 | F106: 21.06 | G106: 378.85 | H106: 21.11 | I106: 21.9 | J106: 22.36 | K106: MNLKT | L106: 22.36 | M106: 1.24 | N106: 0.46 | O106: 0 | P106: 1.25 | Q106: 0.48 | R106: 0 | S106: 4.1 | T106: 15.9 | U106: 19.6 | V106: Đo cao độ đáy thực tế trước khi cắt
A107: 101 | B107: B3A-D40 | C107: BÈ 3A | D107: ĐÁY | E107: DV-014 | F107: 20.95 | G107: 378.85 | H107: 21 | I107: 21.79 | J107: 22.25 | K107: MNLKT | L107: 22.25 | M107: 1.25 | N107: 0.46 | O107: 0 | P107: 1.25 | Q107: 0.48 | R107: 0 | S107: 4.1 | T107: 16 | U107: 19.7 | V107: Đo cao độ đáy thực tế trước khi cắt
A108: 102 | B108: B3A-D41 | C108: BÈ 3A | D108: ĐÁY | E108: DV-015 | F108: 20.97 | G108: 378.85 | H108: 21.02 | I108: 21.81 | J108: 22.27 | K108: MNLKT | L108: 22.27 | M108: 1.25 | N108: 0.46 | O108: 0 | P108: 1.25 | Q108: 0.48 | R108: 0 | S108: 4.1 | T108: 16 | U108: 19.7 | V108: Đo cao độ đáy thực tế trước khi cắt
...

Sheet CT_ThongSo
A1: BẢNG TÍNH CÓ CÔNG THỨC — THÔNG SỐ ĐẦU VÀO — HV-FPV-2026
A2: Ô có chữ "NHẬP" ở cột E (tô vàng trong file đính kèm) là ô nhập. Đổi ô nhập thì ba sheet CT_LucDay, CT_CocKhoanNhoi, CT_DeVitXoan tự tính lại. Thông số đất là GIẢ ĐỊNH, chưa có khảo sát.
A3: CHÚ Ý: Gió tính toán V = 20 m/s là cấp gió vận hành, THẤP HƠN gió tiêu chuẩn TCVN 2737:2023 vùng II-B (V ≈ 29,7 m/s, q0 = 0,54 kN/m²): áp lực gió chỉ bằng 45% mức tiêu chuẩn. Cáp, cọc và đế neo định cỡ ở cấp gió này CHƯA được kiểm tra với bão thiết kế; nhập V = 30 m/s ở Tab 2 để kiểm tra.
A4: NHÓM | B4: THÔNG SỐ | C4: GIÁ TRỊ | D4: ĐƠN VỊ | E4: LOẠI Ô | F4: GHI CHÚ / CÔNG THỨC
A5: Gió | B5: Vận tốc gió tính toán V | C5: 20 | D5: m/s | E5: NHẬP
A6: Gió | B6: Khối lượng riêng không khí ρ | C6: 1.25 | D6: kg/m³ | E6: NHẬP
A7: Gió | B7: Áp lực gió q | C7: =0.5*CT_ThongSo!$C$6*CT_ThongSo!$C$5^2 -> 250 | D7: N/m² | E7: công thức | F7: q = 0,5 ρ V²
A8: Gió | B8: Diện tích một tấm pin | C8: 2.701 | D8: m² | E8: NHẬP
A9: Gió | B9: Góc nghiêng tấm pin | C9: 12 | D9: ° | E9: NHẬP
A10: Gió | B10: Hệ số cản tấm pin | C10: 1.15 | E10: NHẬP
A11: Gió | B11: Hệ số che chắn giữa các hàng | C11: 0.55 | E11: NHẬP | F11: GIẢ ĐỊNH
A12: Gió | B12: Hệ số cản phao | C12: 1.1 | E12: NHẬP
A13: Gió | B13: Mạn khô của phao (cũng là chiều cao bích bè trên mặt nước) | C13: 0.35 | D13: m | E13: NHẬP
A14: Gió | B14: Hệ số gộp sóng + dòng chảy | C14: 1.05 | E14: NHẬP
A15: Dây neo | B15: Số dây làm việc n | C15: 6 | D15: dây | E15: NHẬP | F15: GIẢ ĐỊNH
A16: Dây neo | B16: Góc dây so với phương ngang α | C16: 30 | D16: ° | E16: NHẬP | F16: GIẢ ĐỊNH
A17: Dây neo | B17: Lực căng trước T_0 | C17: 5 | D17: kN | E17: NHẬP
A18: Dây neo | B18: Hệ số an toàn cáp yêu cầu | C18: 3 | E18: NHẬP
A19: Mực nước | B19: MNC | C19: 380 | D19: m | E19: NHẬP
A20: Mực nước | B20: MNLKT | C20: 386 | D20: m | E20: NHẬP
A21: Cọc bờ | B21: Đường kính cọc khoan nhồi D | C21: 0.35 | D21: m | E21: NHẬP
A22: Cọc bờ | B22: Chiều sâu ngàm L_tk | C22: 6.5 | D22: m | E22: NHẬP
A23: Cọc bờ | B23: Đoạn nhô trên mặt đất | C23: 0.1 | D23: m | E23: NHẬP
A24: Cọc bờ | B24: Điểm móc cáp cách mặt đất e | C24: 0.1 | D24: m | E24: NHẬP
A25: Cọc bờ | B25: c_u đất bờ | C25: 40 | D25: kPa | E25: NHẬP | F25: GIẢ ĐỊNH
A26: Cọc bờ | B26: Hệ số an toàn chịu ngang | C26: 2.5 | E26: NHẬP
A27: Cọc bờ | B27: Hệ số tải trọng khi kiểm tra uốn γ | C27: 1.2 | E27: NHẬP
A28: Cọc bờ | B28: Khoảng cách từ mặt cọc tới tim thép chủ | C28: 0.05 | D28: m | E28: NHẬP
A29: Cọc bờ | B29: Phản lực đất cực hạn p | C29: =9*CT_ThongSo!$C$25*CT_ThongSo!$C$21 -> 126 | D29: kN/m | E29: công thức | F29: p = 9 c_u D
A30: Cọc bờ | B30: Chiều sâu làm việc g | C30: =MAX(0.1,CT_ThongSo!$C$22-1.5*CT_ThongSo!$C$21) -> 5.975 | D30: m | E30: công thức | F30: g = L − 1,5 D
A31: Cọc bờ | B31: Sức chịu ngang cực hạn H_u (Broms) | C31: =(-(CT_ThongSo!$C$24+1.5*CT_ThongSo!$C$21+CT_ThongSo!$C$30)+SQRT((CT_ThongSo!$C$24+1.5*CT_ThongSo!$C$21+CT_ThongSo!$C$30)^2+CT_ThongSo!$C$30^2))*CT_ThongSo!$C$29 -> 290.1583 | D31: kN | E31: công thức | F31: Nghiệm của 0,5/p·H² + (e + 1,5D + g)·H − 0,5·p·g² = 0
A32: Cọc bờ | B32: Sức chịu ngang cho phép | C32: =CT_ThongSo!$C$31/CT_ThongSo!$C$26 -> 116.06332 | D32: kN | E32: công thức | F32: H_u / hệ số an toàn
A33: Đế BTCT | B33: Chiều cao tai neo trên mặt đế | C33: 0.15 | D33: m | E33: NHẬP
A34: Đế BTCT | B34: Trọng lượng riêng bê tông | C34: 25 | D34: kN/m³ | E34: NHẬP
A35: Đế BTCT | B35: Trọng lượng riêng nước | C35: 10 | D35: kN/m³ | E35: NHẬP | F35: Trọng lượng đế trong nước đã trừ đẩy nổi
A36: Đế BTCT | B36: Hệ số trọng lượng đế khi chống nhổ | C36: 0.9 | E36: NHẬP | F36: GIẢ ĐỊNH
A37: Đế BTCT | B37: c_u bùn đáy hồ | C37: 20 | D37: kPa | E37: NHẬP | F37: GIẢ ĐỊNH; dùng cho cả đáy đế và thân vít
A38: Đế BTCT | B38: γ' bùn | C38: 6 | D38: kN/m³ | E38: NHẬP | F38: GIẢ ĐỊNH
A39: Đế BTCT | B39: Hệ số bám dính đáy đế | C39: 0.5 | E39: NHẬP | F39: GIẢ ĐỊNH
A40: Đế BTCT | B40: Chiều sâu gờ chống trượt | C40: 0.15 | D40: m | E40: NHẬP
A41: Đế BTCT | B41: Tim lỗ vít cách mép đế | C41: 0.15 | D41: m | E41: NHẬP
A42: Đế BTCT | B42: Hệ số an toàn trượt | C42: 1.5 | E42: NHẬP
A43: Đế BTCT | B43: Hệ số an toàn lật | C43: 1.5 | E43: NHẬP
A44: Đế BTCT | B44: Hệ số an toàn nền | C44: 2.5 | E44: NHẬP
A45: Vít xoắn | B45: Số vít mỗi đế | C45: 4 | D45: cây | E45: NHẬP
A46: Vít xoắn | B46: Đường kính ống | C46: 0.089 | D46: m | E46: NHẬP
A47: Vít xoắn | B47: Chiều dày ống | C47: 0.005 | D47: m | E47: NHẬP
A48: Vít xoắn | B48: Đường kính ren | C48: 0.105 | D48: m | E48: NHẬP
A49: Vít xoắn | B49: Chiều dài ngàm trong bùn | C49: 3 | D49: m | E49: NHẬP
A50: Vít xoắn | B50: Hệ số bám dính thân vít | C50: 0.8 | E50: NHẬP | F50: GIẢ ĐỊNH
A51: Vít xoắn | B51: Giới hạn chảy thép ống | C51: 235000 | D51: kPa | E51: NHẬP
A52: Vít xoắn | B52: Hệ số an toàn nhổ vít | C52: 2 | E52: NHẬP
A53: Vít xoắn | B53: Ma sát thân vít | C53: =CT_ThongSo!$C$50*CT_ThongSo!$C$37*PI()*CT_ThongSo!$C$48*CT_ThongSo!$C$49 -> 15.833627 | D53: kN | E53: công thức | F53: α c_u π D_ren L
A54: Vít xoắn | B54: Sức chịu kéo của ống thép | C54: =PI()/4*(CT_ThongSo!$C$46^2-(CT_ThongSo!$C$46-2*CT_ThongSo!$C$47)^2)*CT_ThongSo!$C$51 -> 310.07519 | D54: kN | E54: công thức
A55: Vít xoắn | B55: Sức chịu nhổ cực hạn Q_u | C55: =MIN(CT_ThongSo!$C$53,CT_ThongSo!$C$54) -> 15.833627 | D55: kN | E55: công thức | F55: Không tính cánh xoắn
A56: Vít xoắn | B56: Sức chịu nhổ cho phép Q_a | C56: =CT_ThongSo!$C$55/CT_ThongSo!$C$52 -> 7.9168135 | D56: kN | E56: công thức
A57: Vít xoắn | B57: Chiều sâu làm việc khi chịu ngang | C57: =CT_ThongSo!$C$49-1.5*CT_ThongSo!$C$48 -> 2.8425 | D57: m | E57: công thức
A58: Vít xoắn | B58: Sức chịu ngang theo đất (Broms) | C58: =(-(1.5*CT_ThongSo!$C$48+0.5*CT_ThongSo!$C$57)+SQRT((1.5*CT_ThongSo!$C$48+0.5*CT_ThongSo!$C$57)^2-4*(0.02778/(CT_ThongSo!$C$37*CT_ThongSo!$C$48))*(-2.25*CT_ThongSo!$C$48*CT_ThongSo!$C$37*CT_ThongSo!$C$57^2)))/(2*(0.02778/(CT_ThongSo!$C$37*CT_ThongSo!$C$48))) -> 20.619377 | D58: kN | E58: công thức
A59: Vít xoắn | B59: Mô men dẻo của ống thép | C59: =(CT_ThongSo!$C$46^3-(CT_ThongSo!$C$46-2*CT_ThongSo!$C$47)^3)/6*CT_ThongSo!$C$51 -> 8.3005917 | D59: kNm | E59: công thức
A60: Vít xoắn | B60: Sức chịu ngang theo thép ống | C60: =(-1.5*CT_ThongSo!$C$48+SQRT((1.5*CT_ThongSo!$C$48)^2+4*CT_ThongSo!$C$59/(18*CT_ThongSo!$C$37*CT_ThongSo!$C$48)))/(2/(18*CT_ThongSo!$C$37*CT_ThongSo!$C$48)) -> 14.984971 | D60: kN | E60: công thức
A61: Vít xoắn | B61: Sức chịu ngang cực hạn H_u | C61: =MIN(CT_ThongSo!$C$58,CT_ThongSo!$C$60) -> 14.984971 | D61: kN | E61: công thức

Sheet CT_LucDay
A1: BẢNG TÍNH CÓ CÔNG THỨC — LỰC GIÓ VÀ LỰC CĂNG DÂY — HV-FPV-2026
A2: Các cột có chữ (NHẬP) là ô nhập. F pin = q × C_d × A × che chắn; F = (F pin + F phao) × hệ số sóng, dòng chảy; T = max(F × k + T_0 ; F / (n × cos α) + T_0).
A3: CHÚ Ý: Gió tính toán V = 20 m/s là cấp gió vận hành, THẤP HƠN gió tiêu chuẩn TCVN 2737:2023 vùng II-B (V ≈ 29,7 m/s, q0 = 0,54 kN/m²): áp lực gió chỉ bằng 45% mức tiêu chuẩn. Cáp, cọc và đế neo định cỡ ở cấp gió này CHƯA được kiểm tra với bão thiết kế; nhập V = 30 m/s ở Tab 2 để kiểm tra.
A5: BÈ | B5: Số tấm pin (NHẬP) | C5: Dài bè (m) (NHẬP) | D5: Rộng bè (m) (NHẬP) | E5: Hệ số tập trung k (NHẬP) | F5: Lực đứt cáp (kN) (NHẬP) | G5: A đón gió (m²) | H5: F pin (kN) | I5: F phao (kN) | J5: F tổng (kN) | K5: T cách k (kN) | L5: T cách n dây (kN) | M5: T dây (kN) | N5: HSAT cáp | O5: KẾT LUẬN | P5: Cáp
A6: BÈ 1 | B6: 808 | C6: 94.4 | D6: 46.1 | E6: 0.306 | F6: 235 | G6: =B6*CT_ThongSo!$C$8*SIN(RADIANS(CT_ThongSo!$C$9)) -> 453.74814 | H6: =CT_ThongSo!$C$7*CT_ThongSo!$C$10*G6*CT_ThongSo!$C$11/1000 -> 71.748924 | I6: =CT_ThongSo!$C$7*CT_ThongSo!$C$12*(C6+D6)/2*MAX(0.05,CT_ThongSo!$C$13)/1000 -> 6.7615625 | J6: =(H6+I6)*CT_ThongSo!$C$14 -> 82.436011 | K6: =IF(E6>0,J6*E6+CT_ThongSo!$C$17,0) -> 30.225419 | L6: =J6/(CT_ThongSo!$C$15*COS(RADIANS(CT_ThongSo!$C$16)))+CT_ThongSo!$C$17 -> 20.864818 | M6: =MAX(K6,L6) -> 30.225419 | N6: =F6/M6 -> 7.7749128 | O6: =IF(N6>=CT_ThongSo!$C$18,"ĐẠT","KHÔNG ĐẠT") -> ĐẠT | P6: PES-28
A7: BÈ 2 | B7: 788 | C7: 91.8 | D7: 52.1 | E7: 0.282 | F7: 235 | G7: =B7*CT_ThongSo!$C$8*SIN(RADIANS(CT_ThongSo!$C$9)) -> 442.51675 | H7: =CT_ThongSo!$C$7*CT_ThongSo!$C$10*G7*CT_ThongSo!$C$11/1000 -> 69.972961 | I7: =CT_ThongSo!$C$7*CT_ThongSo!$C$12*(C7+D7)/2*MAX(0.05,CT_ThongSo!$C$13)/1000 -> 6.9251875 | J7: =(H7+I7)*CT_ThongSo!$C$14 -> 80.743056 | K7: =IF(E7>0,J7*E7+CT_ThongSo!$C$17,0) -> 27.769542 | L7: =J7/(CT_ThongSo!$C$15*COS(RADIANS(CT_ThongSo!$C$16)))+CT_ThongSo!$C$17 -> 20.539008 | M7: =MAX(K7,L7) -> 27.769542 | N7: =F7/M7 -> 8.4625091 | O7: =IF(N7>=CT_ThongSo!$C$18,"ĐẠT","KHÔNG ĐẠT") -> ĐẠT | P7: PES-28
A8: BÈ 3 | B8: 1068 | C8: 92 | D8: 64.1 | E8: 0.313 | F8: 235 | G8: =B8*CT_ThongSo!$C$8*SIN(RADIANS(CT_ThongSo!$C$9)) -> 599.7562 | H8: =CT_ThongSo!$C$7*CT_ThongSo!$C$10*G8*CT_ThongSo!$C$11/1000 -> 94.836449 | I8: =CT_ThongSo!$C$7*CT_ThongSo!$C$12*(C8+D8)/2*MAX(0.05,CT_ThongSo!$C$13)/1000 -> 7.5123125 | J8: =(H8+I8)*CT_ThongSo!$C$14 -> 107.4662 | K8: =IF(E8>0,J8*E8+CT_ThongSo!$C$17,0) -> 38.636921 | L8: =J8/(CT_ThongSo!$C$15*COS(RADIANS(CT_ThongSo!$C$16)))+CT_ThongSo!$C$17 -> 25.68188 | M8: =MAX(K8,L8) -> 38.636921 | N8: =F8/M8 -> 6.0822653 | O8: =IF(N8>=CT_ThongSo!$C$18,"ĐẠT","KHÔNG ĐẠT") -> ĐẠT | P8: PES-28
A9: BÈ 3A | B9: 3657 | C9: 164.6 | D9: 148 | E9: 0.155 | F9: 235 | G9: =B9*CT_ThongSo!$C$8*SIN(RADIANS(CT_ThongSo!$C$9)) -> 2053.6596 | H9: =CT_ThongSo!$C$7*CT_ThongSo!$C$10*G9*CT_ThongSo!$C$11/1000 -> 324.73492 | I9: =CT_ThongSo!$C$7*CT_ThongSo!$C$12*(C9+D9)/2*MAX(0.05,CT_ThongSo!$C$13)/1000 -> 15.043875 | J9: =(H9+I9)*CT_ThongSo!$C$14 -> 356.76774 | K9: =IF(E9>0,J9*E9+CT_ThongSo!$C$17,0) -> 60.298999 | L9: =J9/(CT_ThongSo!$C$15*COS(RADIANS(CT_ThongSo!$C$16)))+CT_ThongSo!$C$17 -> 73.659983 | M9: =MAX(K9,L9) -> 73.659983 | N9: =F9/M9 -> 3.1903347 | O9: =IF(N9>=CT_ThongSo!$C$18,"ĐẠT","KHÔNG ĐẠT") -> ĐẠT | P9: PES-28
A10: BÈ 5A | B10: 4410 | C10: 182.2 | D10: 148 | E10: 0.144 | F10: 305 | G10: =B10*CT_ThongSo!$C$8*SIN(RADIANS(CT_ThongSo!$C$9)) -> 2476.5214 | H10: =CT_ThongSo!$C$7*CT_ThongSo!$C$10*G10*CT_ThongSo!$C$11/1000 -> 391.59995 | I10: =CT_ThongSo!$C$7*CT_ThongSo!$C$12*(C10+D10)/2*MAX(0.05,CT_ThongSo!$C$13)/1000 -> 15.890875 | J10: =(H10+I10)*CT_ThongSo!$C$14 -> 427.86536 | K10: =IF(E10>0,J10*E10+CT_ThongSo!$C$17,0) -> 66.612612 | L10: =J10/(CT_ThongSo!$C$15*COS(RADIANS(CT_ThongSo!$C$16)))+CT_ThongSo!$C$17 -> 87.342727 | M10: =MAX(K10,L10) -> 87.342727 | N10: =F10/M10 -> 3.4919908 | O10: =IF(N10>=CT_ThongSo!$C$18,"ĐẠT","KHÔNG ĐẠT") -> ĐẠT | P10: PES-32
A11: BÈ 6 | B11: 1860 | C11: 112.1 | D11: 109.4 | E11: 0.194 | F11: 235 | G11: =B11*CT_ThongSo!$C$8*SIN(RADIANS(CT_ThongSo!$C$9)) -> 1044.5192 | H11: =CT_ThongSo!$C$7*CT_ThongSo!$C$10*G11*CT_ThongSo!$C$11/1000 -> 165.1646 | I11: =CT_ThongSo!$C$7*CT_ThongSo!$C$12*(C11+D11)/2*MAX(0.05,CT_ThongSo!$C$13)/1000 -> 10.659688 | J11: =(H11+I11)*CT_ThongSo!$C$14 -> 184.6155 | K11: =IF(E11>0,J11*E11+CT_ThongSo!$C$17,0) -> 40.815408 | L11: =J11/(CT_ThongSo!$C$15*COS(RADIANS(CT_ThongSo!$C$16)))+CT_ThongSo!$C$17 -> 40.52927 | M11: =MAX(K11,L11) -> 40.815408 | N11: =F11/M11 -> 5.7576296 | O11: =IF(N11>=CT_ThongSo!$C$18,"ĐẠT","KHÔNG ĐẠT") -> ĐẠT | P11: PES-28
A12: BÈ 7 | B12: 2133 | C12: 144 | D12: 93.2 | E12: 0.164 | F12: 235 | G12: =B12*CT_ThongSo!$C$8*SIN(RADIANS(CT_ThongSo!$C$9)) -> 1197.8277 | H12: =CT_ThongSo!$C$7*CT_ThongSo!$C$10*G12*CT_ThongSo!$C$11/1000 -> 189.4065 | I12: =CT_ThongSo!$C$7*CT_ThongSo!$C$12*(C12+D12)/2*MAX(0.05,CT_ThongSo!$C$13)/1000 -> 11.41525 | J12: =(H12+I12)*CT_ThongSo!$C$14 -> 210.86284 | K12: =IF(E12>0,J12*E12+CT_ThongSo!$C$17,0) -> 39.581506 | L12: =J12/(CT_ThongSo!$C$15*COS(RADIANS(CT_ThongSo!$C$16)))+CT_ThongSo!$C$17 -> 45.580573 | M12: =MAX(K12,L12) -> 45.580573 | N12: =F12/M12 -> 5.1557053 | O12: =IF(N12>=CT_ThongSo!$C$18,"ĐẠT","KHÔNG ĐẠT") -> ĐẠT | P12: PES-28
A13: BÈ 8 | B13: 2861 | C13: 180 | D13: 106.9 | E13: 0.106 | F13: 235 | G13: =B13*CT_ThongSo!$C$8*SIN(RADIANS(CT_ThongSo!$C$9)) -> 1606.6503 | H13: =CT_ThongSo!$C$7*CT_ThongSo!$C$10*G13*CT_ThongSo!$C$11/1000 -> 254.05157 | I13: =CT_ThongSo!$C$7*CT_ThongSo!$C$12*(C13+D13)/2*MAX(0.05,CT_ThongSo!$C$13)/1000 -> 13.807063 | J13: =(H13+I13)*CT_ThongSo!$C$14 -> 281.25157 | K13: =IF(E13>0,J13*E13+CT_ThongSo!$C$17,0) -> 34.812666 | L13: =J13/(CT_ThongSo!$C$15*COS(RADIANS(CT_ThongSo!$C$16)))+CT_ThongSo!$C$17 -> 59.12689 | M13: =MAX(K13,L13) -> 59.12689 | N13: =F13/M13 -> 3.974503 | O13: =IF(N13>=CT_ThongSo!$C$18,"ĐẠT","KHÔNG ĐẠT") -> ĐẠT | P13: PES-28
A14: BÈ 9 | B14: 769 | C14: 110 | D14: 36.6 | E14: 0.327 | F14: 235 | G14: =B14*CT_ThongSo!$C$8*SIN(RADIANS(CT_ThongSo!$C$9)) -> 431.84693 | H14: =CT_ThongSo!$C$7*CT_ThongSo!$C$10*G14*CT_ThongSo!$C$11/1000 -> 68.285795 | I14: =CT_ThongSo!$C$7*CT_ThongSo!$C$12*(C14+D14)/2*MAX(0.05,CT_ThongSo!$C$13)/1000 -> 7.055125 | J14: =(H14+I14)*CT_ThongSo!$C$14 -> 79.107966 | K14: =IF(E14>0,J14*E14+CT_ThongSo!$C$17,0) -> 30.868305 | L14: =J14/(CT_ThongSo!$C$15*COS(RADIANS(CT_ThongSo!$C$16)))+CT_ThongSo!$C$17 -> 20.224335 | M14: =MAX(K14,L14) -> 30.868305 | N14: =F14/M14 -> 7.6129868 | O14: =IF(N14>=CT_ThongSo!$C$18,"ĐẠT","KHÔNG ĐẠT") -> ĐẠT | P14: PES-28

Sheet CT_CocKhoanNhoi
A1: BẢNG TÍNH CÓ CÔNG THỨC — CỌC KHOAN NHỒI VEN BỜ — HV-FPV-2026
A2: D, L, e, c_u và các hệ số: sheet CT_ThongSo. BP-1: T ≤ H_u / hệ số an toàn. BP-2: γ × M_max ≤ M_rd, với M_max = T × (e + 1,5D + 0,5T/p) và M_rd = A_thanh × R_s × (D/2 − a) × k.
A3: k = 2 / tan(π / n) là hệ số tay đòn của n thanh xếp tròn ở hướng bất lợi nhất (lồng thép không định hướng khi thả vào lỗ khoan); công thức đúng cho n chẵn.
A5: BÈ | B5: Số cọc (NHẬP) | C5: Số thanh thép chủ n (NHẬP) | D5: Đường kính thanh (mm) (NHẬP) | E5: R_s thép (MPa) (NHẬP) | F5: T dây (kN) | G5: H cho phép (kN) | H5: BP-1 ngang | I5: M_max (kNm) | J5: γ × M_max (kNm) | K5: Hệ số tay đòn k | L5: M_rd (kNm) | M5: BP-2 uốn | N5: KẾT LUẬN | O5: Tổng dài cọc (m) | P5: Bê tông (m³)
A6: BÈ 1 | B6: 17 | C6: 4 | D6: 25 | E6: 350 | F6: =VLOOKUP(A6,CT_LucDay!$A$6:$M$14,13,FALSE) -> 30.225419 | G6: =CT_ThongSo!$C$32 -> 116.06332 | H6: =F6/G6 -> 0.26042181 | I6: =F6*(CT_ThongSo!$C$24+1.5*CT_ThongSo!$C$21+0.5*F6/CT_ThongSo!$C$29) -> 22.516189 | J6: =CT_ThongSo!$C$27*I6 -> 27.019426 | K6: =2/TAN(PI()/C6) -> 2 | L6: =PI()*D6^2/4/1000000*E6*1000*(CT_ThongSo!$C$21/2-CT_ThongSo!$C$28)*K6 -> 42.951462 | M6: =J6/L6 -> 0.62906884 | N6: =IF(AND(H6<=1,M6<=1),"ĐẠT","KHÔNG ĐẠT") -> ĐẠT | O6: =B6*(CT_ThongSo!$C$22+CT_ThongSo!$C$23) -> 112.2 | P6: =O6*PI()*CT_ThongSo!$C$21^2/4 -> 10.794905
A7: BÈ 2 | B7: 15 | C7: 4 | D7: 25 | E7: 350 | F7: =VLOOKUP(A7,CT_LucDay!$A$6:$M$14,13,FALSE) -> 27.769542 | G7: =CT_ThongSo!$C$32 -> 116.06332 | H7: =F7/G7 -> 0.239262 | I7: =F7*(CT_ThongSo!$C$24+1.5*CT_ThongSo!$C$21+0.5*F7/CT_ThongSo!$C$29) -> 20.416072 | J7: =CT_ThongSo!$C$27*I7 -> 24.499287 | K7: =2/TAN(PI()/C7) -> 2 | L7: =PI()*D7^2/4/1000000*E7*1000*(CT_ThongSo!$C$21/2-CT_ThongSo!$C$28)*K7 -> 42.951462 | M7: =J7/L7 -> 0.57039472 | N7: =IF(AND(H7<=1,M7<=1),"ĐẠT","KHÔNG ĐẠT") -> ĐẠT | O7: =B7*(CT_ThongSo!$C$22+CT_ThongSo!$C$23) -> 99 | P7: =O7*PI()*CT_ThongSo!$C$21^2/4 -> 9.5249162
A8: BÈ 3 | B8: 15 | C8: 4 | D8: 25 | E8: 350 | F8: =VLOOKUP(A8,CT_LucDay!$A$6:$M$14,13,FALSE) -> 38.636921 | G8: =CT_ThongSo!$C$32 -> 116.06332 | H8: =F8/G8 -> 0.33289519 | I8: =F8*(CT_ThongSo!$C$24+1.5*CT_ThongSo!$C$21+0.5*F8/CT_ThongSo!$C$29) -> 30.071931 | J8: =CT_ThongSo!$C$27*I8 -> 36.086317 | K8: =2/TAN(PI()/C8) -> 2 | L8: =PI()*D8^2/4/1000000*E8*1000*(CT_ThongSo!$C$21/2-CT_ThongSo!$C$28)*K8 -> 42.951462 | M8: =J8/L8 -> 0.84016505 | N8: =IF(AND(H8<=1,M8<=1),"ĐẠT","KHÔNG ĐẠT") -> ĐẠT | O8: =B8*(CT_ThongSo!$C$22+CT_ThongSo!$C$23) -> 99 | P8: =O8*PI()*CT_ThongSo!$C$21^2/4 -> 9.5249162
A9: BÈ 3A | B9: 31 | C9: 6 | D9: 28 | E9: 350 | F9: =VLOOKUP(A9,CT_LucDay!$A$6:$M$14,13,FALSE) -> 73.659983 | G9: =CT_ThongSo!$C$32 -> 116.06332 | H9: =F9/G9 -> 0.63465342 | I9: =F9*(CT_ThongSo!$C$24+1.5*CT_ThongSo!$C$21+0.5*F9/CT_ThongSo!$C$29) -> 67.568414 | J9: =CT_ThongSo!$C$27*I9 -> 81.082097 | K9: =2/TAN(PI()/C9) -> 3.4641016 | L9: =PI()*D9^2/4/1000000*E9*1000*(CT_ThongSo!$C$21/2-CT_ThongSo!$C$28)*K9 -> 93.319977 | M9: =J9/L9 -> 0.86886109 | N9: =IF(AND(H9<=1,M9<=1),"ĐẠT","KHÔNG ĐẠT") -> ĐẠT | O9: =B9*(CT_ThongSo!$C$22+CT_ThongSo!$C$23) -> 204.6 | P9: =O9*PI()*CT_ThongSo!$C$21^2/4 -> 19.684827
A10: BÈ 5A | B10: 36 | C10: 6 | D10: 32 | E10: 350 | F10: =VLOOKUP(A10,CT_LucDay!$A$6:$M$14,13,FALSE) -> 87.342727 | G10: =CT_ThongSo!$C$32 -> 116.06332 | H10: =F10/G10 -> 0.75254376 | I10: =F10*(CT_ThongSo!$C$24+1.5*CT_ThongSo!$C$21+0.5*F10/CT_ThongSo!$C$29) -> 84.86203 | J10: =CT_ThongSo!$C$27*I10 -> 101.83444 | K10: =2/TAN(PI()/C10) -> 3.4641016 | L10: =PI()*D10^2/4/1000000*E10*1000*(CT_ThongSo!$C$21/2-CT_ThongSo!$C$28)*K10 -> 121.88732 | M10: =J10/L10 -> 0.83548016 | N10: =IF(AND(H10<=1,M10<=1),"ĐẠT","KHÔNG ĐẠT") -> ĐẠT | O10: =B10*(CT_ThongSo!$C$22+CT_ThongSo!$C$23) -> 237.6 | P10: =O10*PI()*CT_ThongSo!$C$21^2/4 -> 22.859799
A11: BÈ 6 | B11: 28 | C11: 4 | D11: 25 | E11: 350 | F11: =VLOOKUP(A11,CT_LucDay!$A$6:$M$14,13,FALSE) -> 40.815408 | G11: =CT_ThongSo!$C$32 -> 116.06332 | H11: =F11/G11 -> 0.351665 | I11: =F11*(CT_ThongSo!$C$24+1.5*CT_ThongSo!$C$21+0.5*F11/CT_ThongSo!$C$29) -> 32.120334 | J11: =CT_ThongSo!$C$27*I11 -> 38.544401 | K11: =2/TAN(PI()/C11) -> 2 | L11: =PI()*D11^2/4/1000000*E11*1000*(CT_ThongSo!$C$21/2-CT_ThongSo!$C$28)*K11 -> 42.951462 | M11: =J11/L11 -> 0.89739439 | N11: =IF(AND(H11<=1,M11<=1),"ĐẠT","KHÔNG ĐẠT") -> ĐẠT | O11: =B11*(CT_ThongSo!$C$22+CT_ThongSo!$C$23) -> 184.8 | P11: =O11*PI()*CT_ThongSo!$C$21^2/4 -> 17.779844
A12: BÈ 7 | B12: 24 | C12: 4 | D12: 28 | E12: 350 | F12: =VLOOKUP(A12,CT_LucDay!$A$6:$M$14,13,FALSE) -> 45.580573 | G12: =CT_ThongSo!$C$32 -> 116.06332 | H12: =F12/G12 -> 0.3927216 | I12: =F12*(CT_ThongSo!$C$24+1.5*CT_ThongSo!$C$21+0.5*F12/CT_ThongSo!$C$29) -> 36.732257 | J12: =CT_ThongSo!$C$27*I12 -> 44.078709 | K12: =2/TAN(PI()/C12) -> 2 | L12: =PI()*D12^2/4/1000000*E12*1000*(CT_ThongSo!$C$21/2-CT_ThongSo!$C$28)*K12 -> 53.878314 | M12: =J12/L12 -> 0.81811596 | N12: =IF(AND(H12<=1,M12<=1),"ĐẠT","KHÔNG ĐẠT") -> ĐẠT | O12: =B12*(CT_ThongSo!$C$22+CT_ThongSo!$C$23) -> 158.4 | P12: =O12*PI()*CT_ThongSo!$C$21^2/4 -> 15.239866
A13: BÈ 8 | B13: 46 | C13: 6 | D13: 25 | E13: 350 | F13: =VLOOKUP(A13,CT_LucDay!$A$6:$M$14,13,FALSE) -> 59.12689 | G13: =CT_ThongSo!$C$32 -> 116.06332 | H13: =F13/G13 -> 0.50943648 | I13: =F13*(CT_ThongSo!$C$24+1.5*CT_ThongSo!$C$21+0.5*F13/CT_ThongSo!$C$29) -> 50.827279 | J13: =CT_ThongSo!$C$27*I13 -> 60.992734 | K13: =2/TAN(PI()/C13) -> 3.4641016 | L13: =PI()*D13^2/4/1000000*E13*1000*(CT_ThongSo!$C$21/2-CT_ThongSo!$C$28)*K13 -> 74.394115 | M13: =J13/L13 -> 0.81985967 | N13: =IF(AND(H13<=1,M13<=1),"ĐẠT","KHÔNG ĐẠT") -> ĐẠT | O13: =B13*(CT_ThongSo!$C$22+CT_ThongSo!$C$23) -> 303.6 | P13: =O13*PI()*CT_ThongSo!$C$21^2/4 -> 29.209743
A14: BÈ 9 | B14: 19 | C14: 4 | D14: 25 | E14: 350 | F14: =VLOOKUP(A14,CT_LucDay!$A$6:$M$14,13,FALSE) -> 30.868305 | G14: =CT_ThongSo!$C$32 -> 116.06332 | H14: =F14/G14 -> 0.2659609 | I14: =F14*(CT_ThongSo!$C$24+1.5*CT_ThongSo!$C$21+0.5*F14/CT_ThongSo!$C$29) -> 23.07385 | J14: =CT_ThongSo!$C$27*I14 -> 27.68862 | K14: =2/TAN(PI()/C14) -> 2 | L14: =PI()*D14^2/4/1000000*E14*1000*(CT_ThongSo!$C$21/2-CT_ThongSo!$C$28)*K14 -> 42.951462 | M14: =J14/L14 -> 0.64464908 | N14: =IF(AND(H14<=1,M14<=1),"ĐẠT","KHÔNG ĐẠT") -> ĐẠT | O14: =B14*(CT_ThongSo!$C$22+CT_ThongSo!$C$23) -> 125.4 | P14: =O14*PI()*CT_ThongSo!$C$21^2/4 -> 12.064894
A15: TỔNG | B15: =SUM(B6:B14) -> 231 | O15: =SUM(O6:O14) -> 1524.6 | P15: =SUM(P6:P14) -> 146.68371

Sheet CT_DeVitXoan
A1: BẢNG TÍNH CÓ CÔNG THỨC — ĐẾ BTCT + VÍT XOẮN TỪNG ĐẾ — HV-FPV-2026
A2: Sáu tổ hợp: ở MNC và MNLKT, dây 1 căng + dây 2 ở lực căng trước; ngược lại; cả hai cùng căng. Lực ngang cộng véc-tơ theo phương vị, lực nhổ cộng lại. T 1, T 2 lấy từ CT_LucDay theo tên bè.
A3: Cạnh B là ô NHẬP (đã điền cỡ web chọn): Excel không tự tăng B. Nếu đổi thông số mà cột KẾT LUẬN báo KHÔNG ĐẠT thì tăng B từng 0,25 m cho tới khi đạt. Chưa gồm kiểm tra thép bản (SV-6).
A5: MÃ ĐẾ | B5: DÂY 1 | C5: BÈ 1 | D5: T 1 (kN) | E5: Dài 1 (m) (NHẬP) | F5: Phương vị 1 (°) (NHẬP) | G5: DÂY 2 | H5: BÈ 2 | I5: T 2 (kN) | J5: Dài 2 (m) (NHẬP) | K5: Phương vị 2 (°) (NHẬP) | L5: Cao độ đáy (m) (NHẬP) | M5: B (m) (NHẬP) | N5: t (m) (NHẬP) | O5: W' trong nước (kN) | P5: Sức chống nhổ (kN) | Q5: Sức kháng gờ (kN) | R5: M giữ (kNm) | S5: MNC: chênh cao tai neo – bích (m) | T5: MNC: góc dây 1 (rad) | U5: MNC: góc dây 2 (rad) | V5: MNLKT: chênh cao tai neo – bích (m) | W5: MNLKT: góc dây 1 (rad) | X5: MNLKT: góc dây 2 (rad) | Y5: MNC, dây 1 căng: T_h (kN) | Z5: MNC, dây 1 căng: T_v (kN) | AA5: MNC, dây 1 căng: nhổ | AB5: MNC, dây 1 căng: trượt | AC5: MNC, dây 1 căng: lật | AD5: MNC, dây 1 căng: 1 vít | AE5: MNC, dây 2 căng: T_h (kN) | AF5: MNC, dây 2 căng: T_v (kN) | AG5: MNC, dây 2 căng: nhổ | AH5: MNC, dây 2 căng: trượt | AI5: MNC, dây 2 căng: lật | AJ5: MNC, dây 2 căng: 1 vít | AK5: MNC, cả hai căng: T_h (kN) | AL5: MNC, cả hai căng: T_v (kN) | AM5: MNC, cả hai căng: nhổ | AN5: MNC, cả hai căng: trượt | AO5: MNC, cả hai căng: lật | AP5: MNC, cả hai căng: 1 vít | AQ5: MNLKT, dây 1 căng: T_h (kN) | AR5: MNLKT, dây 1 căng: T_v (kN) | AS5: MNLKT, dây 1 căng: nhổ | AT5: MNLKT, dây 1 căng: trượt | AU5: MNLKT, dây 1 căng: lật | AV5: MNLKT, dây 1 căng: 1 vít | AW5: MNLKT, dây 2 căng: T_h (kN) | AX5: MNLKT, dây 2 căng: T_v (kN) | AY5: MNLKT, dây 2 căng: nhổ | AZ5: MNLKT, dây 2 căng: trượt | BA5: MNLKT, dây 2 căng: lật | BB5: MNLKT, dây 2 căng: 1 vít | BC5: MNLKT, cả hai căng: T_h (kN) | BD5: MNLKT, cả hai căng: T_v (kN) | BE5: MNLKT, cả hai căng: nhổ | BF5: MNLKT, cả hai căng: trượt | BG5: MNLKT, cả hai căng: lật | BH5: MNLKT, cả hai căng: 1 vít | BI5: SV-1 nhổ (lớn nhất) | BJ5: SV-2 trượt (lớn nhất) | BK5: SV-3 lật (lớn nhất) | BL5: SV-4 một vít (lớn nhất) | BM5: SV-5 nền | BN5: KẾT LUẬN | BO5: Bê tông (m³) | BP5: B do web chọn (m)
A6: HV-DV001 | B6: B1-D15 | C6: BÈ 1 | D6: =VLOOKUP(C6,CT_LucDay!$A$6:$M$14,13,FALSE) -> 30.225419 | E6: 12.56 | F6: 148.3 | G6: B2-D13 | H6: BÈ 2 | I6: =VLOOKUP(H6,CT_LucDay!$A$6:$M$14,13,FALSE) -> 27.769542 | J6: 12.57 | K6: 331.6 | L6: 378.3 | M6: 2.5 | N6: 0.4 | O6: =M6^2*N6*(CT_ThongSo!$C$34-CT_ThongSo!$C$35) -> 37.5 | P6: =CT_ThongSo!$C$36*O6+CT_ThongSo!$C$45*CT_ThongSo!$C$56 -> 65.417254 | Q6: =M6*(0.5*CT_ThongSo!$C$38*CT_ThongSo!$C$40^2+2*CT_ThongSo!$C$37*CT_ThongSo!$C$40) -> 15.16875 | R6: =O6*M6/2+CT_ThongSo!$C$45/2*CT_ThongSo!$C$55*M6 -> 126.04313 | S6: =MAX(0,CT_ThongSo!$C$19-L6+CT_ThongSo!$C$13-N6-CT_ThongSo!$C$33) -> 1.5 | T6: =ATAN(S6/MAX(0.1,E6)) -> 0.11886378 | U6: =ATAN(S6/MAX(0.1,J6)) -> 0.1187701 | V6: =MAX(0,CT_ThongSo!$C$20-L6+CT_ThongSo!$C$13-N6-CT_ThongSo!$C$33) -> 7.5 | W6: =ATAN(V6/MAX(0.1,E6)) -> 0.5383093 | X6: =ATAN(V6/MAX(0.1,J6)) -> 0.53795905 | Y6: =SQRT((D6*COS(T6)*SIN(RADIANS(F6))+MIN(CT_ThongSo!$C$17,I6)*COS(U6)*SIN(RADIANS(K6)))^2+(D6*COS(T6)*COS(RADIANS(F6))+MIN(CT_ThongSo!$C$17,I6)*COS(U6)*COS(RADIANS(K6)))^2) -> 25.057236 | Z6: =D6*SIN(T6)+MIN(CT_ThongSo!$C$17,I6)*SIN(U6) -> 4.1767088 | AA6: =Z6/P6 -> 0.063847205 | AB6: =CT_ThongSo!$C$42*Y6/(IF(O6>Z6,CT_ThongSo!$C$39*CT_ThongSo!$C$37*M6^2,0)+Q6+CT_ThongSo!$C$45*CT_ThongSo!$C$61) -> 0.27313587 | AC6: =CT_ThongSo!$C$43*(Y6*(N6+CT_ThongSo!$C$33)+Z6*M6/2)/R6 -> 0.22614122 | AD6: =MAX(MAX(0,Z6-CT_ThongSo!$C$36*O6)/CT_ThongSo!$C$45,MAX(0,(Y6*(N6+CT_ThongSo!$C$33)+Z6*M6/2)-CT_ThongSo!$C$36*O6*M6/2)/(M6-CT_ThongSo!$C$41)/(CT_ThongSo!$C$45/2))/CT_ThongSo!$C$56 -> 0 | AE6: =SQRT((MIN(CT_ThongSo!$C$17,D6)*COS(T6)*SIN(RADIANS(F6))+I6*COS(U6)*SIN(RADIANS(K6)))^2+(MIN(CT_ThongSo!$C$17,D6)*COS(T6)*COS(RADIANS(F6))+I6*COS(U6)*COS(RADIANS(K6)))^2) -> 22.619226 | AF6: =MIN(CT_ThongSo!$C$17,D6)*SIN(T6)+I6*SIN(U6) -> 3.8833629 | AG6: =AF6/P6 -> 0.059362977 | AH6: =CT_ThongSo!$C$42*AE6/(IF(O6>AF6,CT_ThongSo!$C$39*CT_ThongSo!$C$37*M6^2,0)+Q6+CT_ThongSo!$C$45*CT_ThongSo!$C$61) -> 0.2465604 | AI6: =CT_ThongSo!$C$43*(AE6*(N6+CT_ThongSo!$C$33)+AF6*M6/2)/R6 -> 0.20581976 | AJ6: =MAX(MAX(0,AF6-CT_ThongSo!$C$36*O6)/CT_ThongSo!$C$45,MAX(0,(AE6*(N6+CT_ThongSo!$C$33)+AF6*M6/2)-CT_ThongSo!$C$36*O6*M6/2)/(M6-CT_ThongSo!$C$41)/(CT_ThongSo!$C$45/2))/CT_ThongSo!$C$56 -> 0 | AK6: =SQRT((D6*COS(T6)*SIN(RADIANS(F6))+I6*COS(U6)*SIN(RADIANS(K6)))^2+(D6*COS(T6)*COS(RADIANS(F6))+I6*COS(U6)*COS(RADIANS(K6)))^2) -> 2.9477932 | AL6: =D6*SIN(T6)+I6*SIN(U6) -> 6.874696 | AM6: =AL6/P6 -> 0.10508995 | AN6: =CT_ThongSo!$C$42*AK6/(IF(O6>AL6,CT_ThongSo!$C$39*CT_ThongSo!$C$37*M6^2,0)+Q6+CT_ThongSo!$C$45*CT_ThongSo!$C$61) -> 0.032132357 | AO6: =CT_ThongSo!$C$43*(AK6*(N6+CT_ThongSo!$C$33)+AL6*M6/2)/R6 -> 0.12156144 | AP6: =MAX(MAX(0,AL6-CT_ThongSo!$C$36*O6)/CT_ThongSo!$C$45,MAX(0,(AK6*(N6+CT_ThongSo!$C$33)+AL6*M6/2)-CT_ThongSo!$C$36*O6*M6/2)/(M6-CT_ThongSo!$C$41)/(CT_ThongSo!$C$45/2))/CT_ThongSo!$C$56 -> 0 | AQ6: =SQRT((D6*COS(W6)*SIN(RADIANS(F6))+MIN(CT_ThongSo!$C$17,I6)*COS(X6)*SIN(RADIANS(K6)))^2+(D6*COS(W6)*COS(RADIANS(F6))+MIN(CT_ThongSo!$C$17,I6)*COS(X6)*COS(RADIANS(K6)))^2) -> 21.66559 | AR6: =D6*SIN(W6)+MIN(CT_ThongSo!$C$17,I6)*SIN(X6) -> 18.058045 | AS6: =AR6/P6 -> 0.27604407 | AT6: =CT_ThongSo!$C$42*AQ6/(IF(O6>AR6,CT_ThongSo!$C$39*CT_ThongSo!$C$37*M6^2,0)+Q6+CT_ThongSo!$C$45*CT_ThongSo!$C$61) -> 0.2361653 | AU6: =CT_ThongSo!$C$43*(AQ6*(N6+CT_ThongSo!$C$33)+AR6*M6/2)/R6 -> 0.41043843 | AV6: =MAX(MAX(0,AR6-CT_ThongSo!$C$36*O6)/CT_ThongSo!$C$45,MAX(0,(AQ6*(N6+CT_ThongSo!$C$33)+AR6*M6/2)-CT_ThongSo!$C$36*O6*M6/2)/(M6-CT_ThongSo!$C$41)/(CT_ThongSo!$C$45/2))/CT_ThongSo!$C$56 -> 0 | AW6: =SQRT((MIN(CT_ThongSo!$C$17,D6)*COS(W6)*SIN(RADIANS(F6))+I6*COS(X6)*SIN(RADIANS(K6)))^2+(MIN(CT_ThongSo!$C$17,D6)*COS(W6)*COS(RADIANS(F6))+I6*COS(X6)*COS(RADIANS(K6)))^2) -> 19.563062 | AX6: =MIN(CT_ThongSo!$C$17,D6)*SIN(W6)+I6*SIN(X6) -> 16.792105 | AY6: =AX6/P6 -> 0.2566923 | AZ6: =CT_ThongSo!$C$42*AW6/(IF(O6>AX6,CT_ThongSo!$C$39*CT_ThongSo!$C$37*M6^2,0)+Q6+CT_ThongSo!$C$45*CT_ThongSo!$C$61) -> 0.21324675 | BA6: =CT_ThongSo!$C$43*(AW6*(N6+CT_ThongSo!$C$33)+AX6*M6/2)/R6 -> 0.37784464 | BB6: =MAX(MAX(0,AX6-CT_ThongSo!$C$36*O6)/CT_ThongSo!$C$45,MAX(0,(AW6*(N6+CT_ThongSo!$C$33)+AX6*M6/2)-CT_ThongSo!$C$36*O6*M6/2)/(M6-CT_ThongSo!$C$41)/(CT_ThongSo!$C$45/2))/CT_ThongSo!$C$56 -> 0 | BC6: =SQRT((D6*COS(W6)*SIN(RADIANS(F6))+I6*COS(X6)*SIN(RADIANS(K6)))^2+(D6*COS(W6)*COS(RADIANS(F6))+I6*COS(X6)*COS(RADIANS(K6)))^2) -> 2.5450698 | BD6: =D6*SIN(W6)+I6*SIN(X6) -> 29.724803 | BE6: =BD6/P6 -> 0.45438781 | BF6: =CT_ThongSo!$C$42*BC6/(IF(O6>BD6,CT_ThongSo!$C$39*CT_ThongSo!$C$37*M6^2,0)+Q6+CT_ThongSo!$C$45*CT_ThongSo!$C$61) -> 0.027742479 | BG6: =CT_ThongSo!$C$43*(BC6*(N6+CT_ThongSo!$C$33)+BD6*M6/2)/R6 -> 0.45884044 | BH6: =MAX(MAX(0,BD6-CT_ThongSo!$C$36*O6)/CT_ThongSo!$C$45,MAX(0,(BC6*(N6+CT_ThongSo!$C$33)+BD6*M6/2)-CT_ThongSo!$C$36*O6*M6/2)/(M6-CT_ThongSo!$C$41)/(CT_ThongSo!$C$45/2))/CT_ThongSo!$C$56 -> 0 | BI6: =MAX(AA6,AG6,AM6,AS6,AY6,BE6) -> 0.45438781 | BJ6: =MAX(AB6,AH6,AN6,AT6,AZ6,BF6) -> 0.27313587 | BK6: =MAX(AC6,AI6,AO6,AU6,BA6,BG6) -> 0.45884044 | BL6: =MAX(AD6,AJ6,AP6,AV6,BB6,BH6) -> 0 | BM6: =(O6/M6^2)/(5.14*CT_ThongSo!$C$37/CT_ThongSo!$C$44) -> 0.1459144 | BN6: =IF(MAX(BI6:BM6)<=1,"ĐẠT","KHÔNG ĐẠT") -> ĐẠT | BO6: =M6^2*N6 -> 2.5 | BP6: 2.5
A7: HV-DV002 | B7: B1-D19 | C7: BÈ 1 | D7: =VLOOKUP(C7,CT_LucDay!$A$6:$M$14,13,FALSE) -> 30.225419 | E7: 11.3 | F7: 136.6 | G7: B2-D20 | H7: BÈ 2 | I7: =VLOOKUP(H7,CT_LucDay!$A$6:$M$14,13,FALSE) -> 27.769542 | J7: 11.3 | K7: 316.7 | L7: 378.3 | M7: 2.5 | N7: 0.4 | O7: =M7^2*N7*(CT_ThongSo!$C$34-CT_ThongSo!$C$35) -> 37.5 | P7: =CT_ThongSo!$C$36*O7+CT_ThongSo!$C$45*CT_ThongSo!$C$56 -> 65.417254 | Q7: =M7*(0.5*CT_ThongSo!$C$38*CT_ThongSo!$C$40^2+2*CT_ThongSo!$C$37*CT_ThongSo!$C$40) -> 15.16875 | R7: =O7*M7/2+CT_ThongSo!$C$45/2*CT_ThongSo!$C$55*M7 -> 126.04313 | S7: =MAX(0,CT_ThongSo!$C$19-L7+CT_ThongSo!$C$13-N7-CT_ThongSo!$C$33) -> 1.5 | T7: =ATAN(S7/MAX(0.1,E7)) -> 0.13197182 | U7: =ATAN(S7/MAX(0.1,J7)) -> 0.13197182 | V7: =MAX(0,CT_ThongSo!$C$20-L7+CT_ThongSo!$C$13-N7-CT_ThongSo!$C$33) -> 7.5 | W7: =ATAN(V7/MAX(0.1,E7)) -> 0.58595762 | X7: =ATAN(V7/MAX(0.1,J7)) -> 0.58595762 | Y7: =SQRT((D7*COS(T7)*SIN(RADIANS(F7))+MIN(CT_ThongSo!$C$17,I7)*COS(U7)*SIN(RADIANS(K7)))^2+(D7*COS(T7)*COS(RADIANS(F7))+MIN(CT_ThongSo!$C$17,I7)*COS(U7)*COS(RADIANS(K7)))^2) -> 25.006077 | Z7: =D7*SIN(T7)+MIN(CT_ThongSo!$C$17,I7)*SIN(U7) -> 4.6352803 | AA7: =Z7/P7 -> 0.070857152 | AB7: =CT_ThongSo!$C$42*Y7/(IF(O7>Z7,CT_ThongSo!$C$39*CT_ThongSo!$C$37*M7^2,0)+Q7+CT_ThongSo!$C$45*CT_ThongSo!$C$61) -> 0.27257822 | AC7: =CT_ThongSo!$C$43*(Y7*(N7+CT_ThongSo!$C$33)+Z7*M7/2)/R7 -> 0.23262801 | AD7: =MAX(MAX(0,Z7-CT_ThongSo!$C$36*O7)/CT_ThongSo!$C$45,MAX(0,(Y7*(N7+CT_ThongSo!$C$33)+Z7*M7/2)-CT_ThongSo!$C$36*O7*M7/2)/(M7-CT_ThongSo!$C$41)/(CT_ThongSo!$C$45/2))/CT_ThongSo!$C$56 -> 0 | AE7: =SQRT((MIN(CT_ThongSo!$C$17,D7)*COS(T7)*SIN(RADIANS(F7))+I7*COS(U7)*SIN(RADIANS(K7)))^2+(MIN(CT_ThongSo!$C$17,D7)*COS(T7)*COS(RADIANS(F7))+I7*COS(U7)*COS(RADIANS(K7)))^2) -> 22.571555 | AF7: =MIN(CT_ThongSo!$C$17,D7)*SIN(T7)+I7*SIN(U7) -> 4.3121136 | AG7: =AF7/P7 -> 0.065917069 | AH7: =CT_ThongSo!$C$42*AE7/(IF(O7>AF7,CT_ThongSo!$C$39*CT_ThongSo!$C$37*M7^2,0)+Q7+CT_ThongSo!$C$45*CT_ThongSo!$C$61) -> 0.24604076 | AI7: =CT_ThongSo!$C$43*(AE7*(N7+CT_ThongSo!$C$33)+AF7*M7/2)/R7 -> 0.21188576 | AJ7: =MAX(MAX(0,AF7-CT_ThongSo!$C$36*O7)/CT_ThongSo!$C$45,MAX(0,(AE7*(N7+CT_ThongSo!$C$33)+AF7*M7/2)-CT_ThongSo!$C$36*O7*M7/2)/(M7-CT_ThongSo!$C$41)/(CT_ThongSo!$C$45/2))/CT_ThongSo!$C$56 -> 0 | AK7: =SQRT((D7*COS(T7)*SIN(RADIANS(F7))+I7*COS(U7)*SIN(RADIANS(K7)))^2+(D7*COS(T7)*COS(RADIANS(F7))+I7*COS(U7)*COS(RADIANS(K7)))^2) -> 2.4350382 | AL7: =D7*SIN(T7)+I7*SIN(U7) -> 7.6315032 | AM7: =AL7/P7 -> 0.11665887 | AN7: =CT_ThongSo!$C$42*AK7/(IF(O7>AL7,CT_ThongSo!$C$39*CT_ThongSo!$C$37*M7^2,0)+Q7+CT_ThongSo!$C$45*CT_ThongSo!$C$61) -> 0.026543083 | AO7: =CT_ThongSo!$C$43*(AK7*(N7+CT_ThongSo!$C$33)+AL7*M7/2)/R7 -> 0.12946342 | AP7: =MAX(MAX(0,AL7-CT_ThongSo!$C$36*O7)/CT_ThongSo!$C$45,MAX(0,(AK7*(N7+CT_ThongSo!$C$33)+AL7*M7/2)-CT_ThongSo!$C$36*O7*M7/2)/(M7-CT_ThongSo!$C$41)/(CT_ThongSo!$C$45/2))/CT_ThongSo!$C$56 -> 0 | AQ7: =SQRT((D7*COS(W7)*SIN(RADIANS(F7))+MIN(CT_ThongSo!$C$17,I7)*COS(X7)*SIN(RADIANS(K7)))^2+(D7*COS(W7)*COS(RADIANS(F7))+MIN(CT_ThongSo!$C$17,I7)*COS(X7)*COS(RADIANS(K7)))^2) -> 21.017396 | AR7: =D7*SIN(W7)+MIN(CT_ThongSo!$C$17,I7)*SIN(X7) -> 19.479569 | AS7: =AR7/P7 -> 0.29777418 | AT7: =CT_ThongSo!$C$42*AQ7/(IF(O7>AR7,CT_ThongSo!$C$39*CT_ThongSo!$C$37*M7^2,0)+Q7+CT_ThongSo!$C$45*CT_ThongSo!$C$61) -> 0.22909968 | AU7: =CT_ThongSo!$C$43*(AQ7*(N7+CT_ThongSo!$C$33)+AR7*M7/2)/R7 -> 0.42734214 | AV7: =MAX(MAX(0,AR7-CT_ThongSo!$C$36*O7)/CT_ThongSo!$C$45,MAX(0,(AQ7*(N7+CT_ThongSo!$C$33)+AR7*M7/2)-CT_ThongSo!$C$36*O7*M7/2)/(M7-CT_ThongSo!$C$41)/(CT_ThongSo!$C$45/2))/CT_ThongSo!$C$56 -> 0 | AW7: =SQRT((MIN(CT_ThongSo!$C$17,D7)*COS(W7)*SIN(RADIANS(F7))+I7*COS(X7)*SIN(RADIANS(K7)))^2+(MIN(CT_ThongSo!$C$17,D7)*COS(W7)*COS(RADIANS(F7))+I7*COS(X7)*COS(RADIANS(K7)))^2) -> 18.971201 | AX7: =MIN(CT_ThongSo!$C$17,D7)*SIN(W7)+I7*SIN(X7) -> 18.121475 | AY7: =AX7/P7 -> 0.27701369 | AZ7: =CT_ThongSo!$C$42*AW7/(IF(O7>AX7,CT_ThongSo!$C$39*CT_ThongSo!$C$37*M7^2,0)+Q7+CT_ThongSo!$C$45*CT_ThongSo!$C$61) -> 0.20679517 | BA7: =CT_ThongSo!$C$43*(AW7*(N7+CT_ThongSo!$C$33)+AX7*M7/2)/R7 -> 0.3937462 | BB7: =MAX(MAX(0,AX7-CT_ThongSo!$C$36*O7)/CT_ThongSo!$C$45,MAX(0,(AW7*(N7+CT_ThongSo!$C$33)+AX7*M7/2)-CT_ThongSo!$C$36*O7*M7/2)/(M7-CT_ThongSo!$C$41)/(CT_ThongSo!$C$45/2))/CT_ThongSo!$C$56 -> 0 | BC7: =SQRT((D7*COS(W7)*SIN(RADIANS(F7))+I7*COS(X7)*SIN(RADIANS(K7)))^2+(D7*COS(W7)*COS(RADIANS(F7))+I7*COS(X7)*COS(RADIANS(K7)))^2) -> 2.046629 | BD7: =D7*SIN(W7)+I7*SIN(X7) -> 32.071069 | BE7: =BD7/P7 -> 0.49025398 | BF7: =CT_ThongSo!$C$42*BC7/(IF(O7>BD7,CT_ThongSo!$C$39*CT_ThongSo!$C$37*M7^2,0)+Q7+CT_ThongSo!$C$45*CT_ThongSo!$C$61) -> 0.022309236 | BG7: =CT_ThongSo!$C$43*(BC7*(N7+CT_ThongSo!$C$33)+BD7*M7/2)/R7 -> 0.49048068 | BH7: =MAX(MAX(0,BD7-CT_ThongSo!$C$36*O7)/CT_ThongSo!$C$45,MAX(0,(BC7*(N7+CT_ThongSo!$C$33)+BD7*M7/2)-CT_ThongSo!$C$36*O7*M7/2)/(M7-CT_ThongSo!$C$41)/(CT_ThongSo!$C$45/2))/CT_ThongSo!$C$56 -> 0 | BI7: =MAX(AA7,AG7,AM7,AS7,AY7,BE7) -> 0.49025398 | BJ7: =MAX(AB7,AH7,AN7,AT7,AZ7,BF7) -> 0.27257822 | BK7: =MAX(AC7,AI7,AO7,AU7,BA7,BG7) -> 0.49048068 | BL7: =MAX(AD7,AJ7,AP7,AV7,BB7,BH7) -> 0 | BM7: =(O7/M7^2)/(5.14*CT_ThongSo!$C$37/CT_ThongSo!$C$44) -> 0.1459144 | BN7: =IF(MAX(BI7:BM7)<=1,"ĐẠT","KHÔNG ĐẠT") -> ĐẠT | BO7: =M7^2*N7 -> 2.5 | BP7: 2.5
A8: HV-DV003 | B8: B2-D12 | C8: BÈ 2 | D8: =VLOOKUP(C8,CT_LucDay!$A$6:$M$14,13,FALSE) -> 27.769542 | E8: 10.08 | F8: 152.4 | G8: B3-D22 | H8: BÈ 3 | I8: =VLOOKUP(H8,CT_LucDay!$A$6:$M$14,13,FALSE) -> 38.636921 | J8: 10.07 | K8: 332.4 | L8: 378.3 | M8: 2.5 | N8: 0.4 | O8: =M8^2*N8*(CT_ThongSo!$C$34-CT_ThongSo!$C$35) -> 37.5 | P8: =CT_ThongSo!$C$36*O8+CT_ThongSo!$C$45*CT_ThongSo!$C$56 -> 65.417254 | Q8: =M8*(0.5*CT_ThongSo!$C$38*CT_ThongSo!$C$40^2+2*CT_ThongSo!$C$37*CT_ThongSo!$C$40) -> 15.16875 | R8: =O8*M8/2+CT_ThongSo!$C$45/2*CT_ThongSo!$C$55*M8 -> 126.04313 | S8: =MAX(0,CT_ThongSo!$C$19-L8+CT_ThongSo!$C$13-N8-CT_ThongSo!$C$33) -> 1.5 | T8: =ATAN(S8/MAX(0.1,E8)) -> 0.14772546 | U8: =ATAN(S8/MAX(0.1,J8)) -> 0.14787004 | V8: =MAX(0,CT_ThongSo!$C$20-L8+CT_ThongSo!$C$13-N8-CT_ThongSo!$C$33) -> 7.5 | W8: =ATAN(V8/MAX(0.1,E8)) -> 0.63968069 | X8: =ATAN(V8/MAX(0.1,J8)) -> 0.64015611 | Y8: =SQRT((D8*COS(T8)*SIN(RADIANS(F8))+MIN(CT_ThongSo!$C$17,I8)*COS(U8)*SIN(RADIANS(K8)))^2+(D8*COS(T8)*COS(RADIANS(F8))+MIN(CT_ThongSo!$C$17,I8)*COS(U8)*COS(RADIANS(K8)))^2) -> 22.521652 | Z8: =D8*SIN(T8)+MIN(CT_ThongSo!$C$17,I8)*SIN(U8) -> 4.824023 | AA8: =Z8/P8 -> 0.073742364 | AB8: =CT_ThongSo!$C$42*Y8/(IF(O8>Z8,CT_ThongSo!$C$39*CT_ThongSo!$C$37*M8^2,0)+Q8+CT_ThongSo!$C$45*CT_ThongSo!$C$61) -> 0.24549679 | AC8: =CT_ThongSo!$C$43*(Y8*(N8+CT_ThongSo!$C$33)+Z8*M8/2)/R8 -> 0.21917422 | AD8: =MAX(MAX(0,Z8-CT_ThongSo!$C$36*O8)/CT_ThongSo!$C$45,MAX(0,(Y8*(N8+CT_ThongSo!$C$33)+Z8*M8/2)-CT_ThongSo!$C$36*O8*M8/2)/(M8-CT_ThongSo!$C$41)/(CT_ThongSo!$C$45/2))/CT_ThongSo!$C$56 -> 0 | AE8: =SQRT((MIN(CT_ThongSo!$C$17,D8)*COS(T8)*SIN(RADIANS(F8))+I8*COS(U8)*SIN(RADIANS(K8)))^2+(MIN(CT_ThongSo!$C$17,D8)*COS(T8)*COS(RADIANS(F8))+I8*COS(U8)*COS(RADIANS(K8)))^2) -> 33.269739 | AF8: =MIN(CT_ThongSo!$C$17,D8)*SIN(T8)+I8*SIN(U8) -> 6.4283888 | AG8: =AF8/P8 -> 0.098267482 | AH8: =CT_ThongSo!$C$42*AE8/(IF(O8>AF8,CT_ThongSo!$C$39*CT_ThongSo!$C$37*M8^2,0)+Q8+CT_ThongSo!$C$45*CT_ThongSo!$C$61) -> 0.36265609 | AI8: =CT_ThongSo!$C$43*(AE8*(N8+CT_ThongSo!$C$33)+AF8*M8/2)/R8 -> 0.31339084 | AJ8: =MAX(MAX(0,AF8-CT_ThongSo!$C$36*O8)/CT_ThongSo!$C$45,MAX(0,(AE8*(N8+CT_ThongSo!$C$33)+AF8*M8/2)-CT_ThongSo!$C$36*O8*M8/2)/(M8-CT_ThongSo!$C$41)/(CT_ThongSo!$C$45/2))/CT_ThongSo!$C$56 -> 0 | AK8: =SQRT((D8*COS(T8)*SIN(RADIANS(F8))+I8*COS(U8)*SIN(RADIANS(K8)))^2+(D8*COS(T8)*COS(RADIANS(F8))+I8*COS(U8)*COS(RADIANS(K8)))^2) -> 10.748193 | AL8: =D8*SIN(T8)+I8*SIN(U8) -> 9.7798093 | AM8: =AL8/P8 -> 0.14949893 | AN8: =CT_ThongSo!$C$42*AK8/(IF(O8>AL8,CT_ThongSo!$C$39*CT_ThongSo!$C$37*M8^2,0)+Q8+CT_ThongSo!$C$45*CT_ThongSo!$C$61) -> 0.11716046 | AO8: =CT_ThongSo!$C$43*(AK8*(N8+CT_ThongSo!$C$33)+AL8*M8/2)/R8 -> 0.21583406 | AP8: =MAX(MAX(0,AL8-CT_ThongSo!$C$36*O8)/CT_ThongSo!$C$45,MAX(0,(AK8*(N8+CT_ThongSo!$C$33)+AL8*M8/2)-CT_ThongSo!$C$36*O8*M8/2)/(M8-CT_ThongSo!$C$41)/(CT_ThongSo!$C$45/2))/CT_ThongSo!$C$56 -> 0 | AQ8: =SQRT((D8*COS(W8)*SIN(RADIANS(F8))+MIN(CT_ThongSo!$C$17,I8)*COS(X8)*SIN(RADIANS(K8)))^2+(D8*COS(W8)*COS(RADIANS(F8))+MIN(CT_ThongSo!$C$17,I8)*COS(X8)*COS(RADIANS(K8)))^2) -> 18.269113 | AR8: =D8*SIN(W8)+MIN(CT_ThongSo!$C$17,I8)*SIN(X8) -> 19.563334 | AS8: =AR8/P8 -> 0.29905465 | AT8: =CT_ThongSo!$C$42*AQ8/(IF(O8>AR8,CT_ThongSo!$C$39*CT_ThongSo!$C$37*M8^2,0)+Q8+CT_ThongSo!$C$45*CT_ThongSo!$C$61) -> 0.19914208 | AU8: =CT_ThongSo!$C$43*(AQ8*(N8+CT_ThongSo!$C$33)+AR8*M8/2)/R8 -> 0.41059967 | AV8: =MAX(MAX(0,AR8-CT_ThongSo!$C$36*O8)/CT_ThongSo!$C$45,MAX(0,(AQ8*(N8+CT_ThongSo!$C$33)+AR8*M8/2)-CT_ThongSo!$C$36*O8*M8/2)/(M8-CT_ThongSo!$C$41)/(CT_ThongSo!$C$45/2))/CT_ThongSo!$C$56 -> 0 | AW8: =SQRT((MIN(CT_ThongSo!$C$17,D8)*COS(W8)*SIN(RADIANS(F8))+I8*COS(X8)*SIN(RADIANS(K8)))^2+(MIN(CT_ThongSo!$C$17,D8)*COS(W8)*COS(RADIANS(F8))+I8*COS(X8)*COS(RADIANS(K8)))^2) -> 26.975476 | AX8: =MIN(CT_ThongSo!$C$17,D8)*SIN(W8)+I8*SIN(X8) -> 26.063327 | AY8: =AX8/P8 -> 0.39841671 | AZ8: =CT_ThongSo!$C$42*AW8/(IF(O8>AX8,CT_ThongSo!$C$39*CT_ThongSo!$C$37*M8^2,0)+Q8+CT_ThongSo!$C$45*CT_ThongSo!$C$61) -> 0.29404561 | BA8: =CT_ThongSo!$C$43*(AW8*(N8+CT_ThongSo!$C$33)+AX8*M8/2)/R8 -> 0.56427909 | BB8: =MAX(MAX(0,AX8-CT_ThongSo!$C$36*O8)/CT_ThongSo!$C$45,MAX(0,(AW8*(N8+CT_ThongSo!$C$33)+AX8*M8/2)-CT_ThongSo!$C$36*O8*M8/2)/(M8-CT_ThongSo!$C$41)/(CT_ThongSo!$C$45/2))/CT_ThongSo!$C$56 -> 0.14050813 | BC8: =SQRT((D8*COS(W8)*SIN(RADIANS(F8))+I8*COS(X8)*SIN(RADIANS(K8)))^2+(D8*COS(W8)*COS(RADIANS(F8))+I8*COS(X8)*COS(RADIANS(K8)))^2) -> 8.7077819 | BD8: =D8*SIN(W8)+I8*SIN(X8) -> 39.655361 | BE8: =BD8/P8 -> 0.60619116 | BF8: =CT_ThongSo!$C$42*BC8/(IF(O8>BD8,CT_ThongSo!$C$39*CT_ThongSo!$C$37*M8^2,0)+Q8+CT_ThongSo!$C$45*CT_ThongSo!$C$61) -> 0.17390375 | BG8: =CT_ThongSo!$C$43*(BC8*(N8+CT_ThongSo!$C$33)+BD8*M8/2)/R8 -> 0.64690332 | BH8: =MAX(MAX(0,BD8-CT_ThongSo!$C$36*O8)/CT_ThongSo!$C$45,MAX(0,(BC8*(N8+CT_ThongSo!$C$33)+BD8*M8/2)-CT_ThongSo!$C$36*O8*M8/2)/(M8-CT_ThongSo!$C$41)/(CT_ThongSo!$C$45/2))/CT_ThongSo!$C$56 -> 0.32709757 | BI8: =MAX(AA8,AG8,AM8,AS8,AY8,BE8) -> 0.60619116 | BJ8: =MAX(AB8,AH8,AN8,AT8,AZ8,BF8) -> 0.36265609 | BK8: =MAX(AC8,AI8,AO8,AU8,BA8,BG8) -> 0.64690332 | BL8: =MAX(AD8,AJ8,AP8,AV8,BB8,BH8) -> 0.32709757 | BM8: =(O8/M8^2)/(5.14*CT_ThongSo!$C$37/CT_ThongSo!$C$44) -> 0.1459144 | BN8: =IF(MAX(BI8:BM8)<=1,"ĐẠT","KHÔNG ĐẠT") -> ĐẠT | BO8: =M8^2*N8 -> 2.5 | BP8: 2.5
A9: HV-DV004 | B9: B2-D17 | C9: BÈ 2 | D9: =VLOOKUP(C9,CT_LucDay!$A$6:$M$14,13,FALSE) -> 27.769542 | E9: 9.01 | F9: 113.6 | G9: B3-D17 | H9: BÈ 3 | I9: =VLOOKUP(H9,CT_LucDay!$A$6:$M$14,13,FALSE) -> 38.636921 | J9: 9.02 | K9: 293.7 | L9: 378.3 | M9: 2.5 | N9: 0.4 | O9: =M9^2*N9*(CT_ThongSo!$C$34-CT_ThongSo!$C$35) -> 37.5 | P9: =CT_ThongSo!$C$36*O9+CT_ThongSo!$C$45*CT_ThongSo!$C$56 -> 65.417254 | Q9: =M9*(0.5*CT_ThongSo!$C$38*CT_ThongSo!$C$40^2+2*CT_ThongSo!$C$37*CT_ThongSo!$C$40) -> 15.16875 | R9: =O9*M9/2+CT_ThongSo!$C$45/2*CT_ThongSo!$C$55*M9 -> 126.04313 | S9: =MAX(0,CT_ThongSo!$C$19-L9+CT_ThongSo!$C$13-N9-CT_ThongSo!$C$33) -> 1.5 | T9: =ATAN(S9/MAX(0.1,E9)) -> 0.16496869 | U9: =ATAN(S9/MAX(0.1,J9)) -> 0.16478909 | V9: =MAX(0,CT_ThongSo!$C$20-L9+CT_ThongSo!$C$13-N9-CT_ThongSo!$C$33) -> 7.5 | W9: =ATAN(V9/MAX(0.1,E9)) -> 0.69419219 | X9: =ATAN(V9/MAX(0.1,J9)) -> 0.69364681 | Y9: =SQRT((D9*COS(T9)*SIN(RADIANS(F9))+MIN(CT_ThongSo!$C$17,I9)*COS(U9)*SIN(RADIANS(K9)))^2+(D9*COS(T9)*COS(RADIANS(F9))+MIN(CT_ThongSo!$C$17,I9)*COS(U9)*COS(RADIANS(K9)))^2) -> 22.460273 | Z9: =D9*SIN(T9)+MIN(CT_ThongSo!$C$17,I9)*SIN(U9) -> 5.3805758 | AA9: =Z9/P9 -> 0.082250102 | AB9: =CT_ThongSo!$C$42*Y9/(IF(O9>Z9,CT_ThongSo!$C$39*CT_ThongSo!$C$37*M9^2,0)+Q9+CT_ThongSo!$C$45*CT_ThongSo!$C$61) -> 0.24482773 | AC9: =CT_ThongSo!$C$43*(Y9*(N9+CT_ThongSo!$C$33)+Z9*M9/2)/R9 -> 0.22705167 | AD9: =MAX(MAX(0,Z9-CT_ThongSo!$C$36*O9)/CT_ThongSo!$C$45,MAX(0,(Y9*(N9+CT_ThongSo!$C$33)+Z9*M9/2)-CT_ThongSo!$C$36*O9*M9/2)/(M9-CT_ThongSo!$C$41)/(CT_ThongSo!$C$45/2))/CT_ThongSo!$C$56 -> 0 | AE9: =SQRT((MIN(CT_ThongSo!$C$17,D9)*COS(T9)*SIN(RADIANS(F9))+I9*COS(U9)*SIN(RADIANS(K9)))^2+(MIN(CT_ThongSo!$C$17,D9)*COS(T9)*COS(RADIANS(F9))+I9*COS(U9)*COS(RADIANS(K9)))^2) -> 33.181396 | AF9: =MIN(CT_ThongSo!$C$17,D9)*SIN(T9)+I9*SIN(U9) -> 7.1592733 | AG9: =AF9/P9 -> 0.10944014 | AH9: =CT_ThongSo!$C$42*AE9/(IF(O9>AF9,CT_ThongSo!$C$39*CT_ThongSo!$C$37*M9^2,0)+Q9+CT_ThongSo!$C$45*CT_ThongSo!$C$61) -> 0.36169311 | AI9: =CT_ThongSo!$C$43*(AE9*(N9+CT_ThongSo!$C$33)+AF9*M9/2)/R9 -> 0.32368514 | AJ9: =MAX(MAX(0,AF9-CT_ThongSo!$C$36*O9)/CT_ThongSo!$C$45,MAX(0,(AE9*(N9+CT_ThongSo!$C$33)+AF9*M9/2)-CT_ThongSo!$C$36*O9*M9/2)/(M9-CT_ThongSo!$C$41)/(CT_ThongSo!$C$45/2))/CT_ThongSo!$C$56 -> 0 | AK9: =SQRT((D9*COS(T9)*SIN(RADIANS(F9))+I9*COS(U9)*SIN(RADIANS(K9)))^2+(D9*COS(T9)*COS(RADIANS(F9))+I9*COS(U9)*COS(RADIANS(K9)))^2) -> 10.721125 | AL9: =D9*SIN(T9)+I9*SIN(U9) -> 10.89852 | AM9: =AL9/P9 -> 0.16660009 | AN9: =CT_ThongSo!$C$42*AK9/(IF(O9>AL9,CT_ThongSo!$C$39*CT_ThongSo!$C$37*M9^2,0)+Q9+CT_ThongSo!$C$45*CT_ThongSo!$C$61) -> 0.1168654 | AO9: =CT_ThongSo!$C$43*(AK9*(N9+CT_ThongSo!$C$33)+AL9*M9/2)/R9 -> 0.23229868 | AP9: =MAX(MAX(0,AL9-CT_ThongSo!$C$36*O9)/CT_ThongSo!$C$45,MAX(0,(AK9*(N9+CT_ThongSo!$C$33)+AL9*M9/2)-CT_ThongSo!$C$36*O9*M9/2)/(M9-CT_ThongSo!$C$41)/(CT_ThongSo!$C$45/2))/CT_ThongSo!$C$56 -> 0 | AQ9: =SQRT((D9*COS(W9)*SIN(RADIANS(F9))+MIN(CT_ThongSo!$C$17,I9)*COS(X9)*SIN(RADIANS(K9)))^2+(D9*COS(W9)*COS(RADIANS(F9))+MIN(CT_ThongSo!$C$17,I9)*COS(X9)*COS(RADIANS(K9)))^2) -> 17.498267 | AR9: =D9*SIN(W9)+MIN(CT_ThongSo!$C$17,I9)*SIN(X9) -> 20.962703 | AS9: =AR9/P9 -> 0.32044608 | AT9: =CT_ThongSo!$C$42*AQ9/(IF(O9>AR9,CT_ThongSo!$C$39*CT_ThongSo!$C$37*M9^2,0)+Q9+CT_ThongSo!$C$45*CT_ThongSo!$C$61) -> 0.19073949 | AU9: =CT_ThongSo!$C$43*(AQ9*(N9+CT_ThongSo!$C$33)+AR9*M9/2)/R9 -> 0.426371 | AV9: =MAX(MAX(0,AR9-CT_ThongSo!$C$36*O9)/CT_ThongSo!$C$45,MAX(0,(AQ9*(N9+CT_ThongSo!$C$33)+AR9*M9/2)-CT_ThongSo!$C$36*O9*M9/2)/(M9-CT_ThongSo!$C$41)/(CT_ThongSo!$C$45/2))/CT_ThongSo!$C$56 -> 0 | AW9: =SQRT((MIN(CT_ThongSo!$C$17,D9)*COS(W9)*SIN(RADIANS(F9))+I9*COS(X9)*SIN(RADIANS(K9)))^2+(MIN(CT_ThongSo!$C$17,D9)*COS(W9)*COS(RADIANS(F9))+I9*COS(X9)*COS(RADIANS(K9)))^2) -> 25.865837 | AX9: =MIN(CT_ThongSo!$C$17,D9)*SIN(W9)+I9*SIN(X9) -> 27.901166 | AY9: =AX9/P9 -> 0.42651082 | AZ9: =CT_ThongSo!$C$42*AW9/(IF(O9>AX9,CT_ThongSo!$C$39*CT_ThongSo!$C$37*M9^2,0)+Q9+CT_ThongSo!$C$45*CT_ThongSo!$C$61) -> 0.28195001 | BA9: =CT_ThongSo!$C$43*(AW9*(N9+CT_ThongSo!$C$33)+AX9*M9/2)/R9 -> 0.58435553 | BB9: =MAX(MAX(0,AX9-CT_ThongSo!$C$36*O9)/CT_ThongSo!$C$45,MAX(0,(AW9*(N9+CT_ThongSo!$C$33)+AX9*M9/2)-CT_ThongSo!$C$36*O9*M9/2)/(M9-CT_ThongSo!$C$41)/(CT_ThongSo!$C$45/2))/CT_ThongSo!$C$56 -> 0.18584654 | BC9: =SQRT((D9*COS(W9)*SIN(RADIANS(F9))+I9*COS(X9)*SIN(RADIANS(K9)))^2+(D9*COS(W9)*COS(RADIANS(F9))+I9*COS(X9)*COS(RADIANS(K9)))^2) -> 8.3659416 | BD9: =D9*SIN(W9)+I9*SIN(X9) -> 42.468317 | BE9: =BD9/P9 -> 0.64919138 | BF9: =CT_ThongSo!$C$42*BC9/(IF(O9>BD9,CT_ThongSo!$C$39*CT_ThongSo!$C$37*M9^2,0)+Q9+CT_ThongSo!$C$45*CT_ThongSo!$C$61) -> 0.16707683 | BG9: =CT_ThongSo!$C$43*(BC9*(N9+CT_ThongSo!$C$33)+BD9*M9/2)/R9 -> 0.68651099 | BH9: =MAX(MAX(0,BD9-CT_ThongSo!$C$36*O9)/CT_ThongSo!$C$45,MAX(0,(BC9*(N9+CT_ThongSo!$C$33)+BD9*M9/2)-CT_ThongSo!$C$36*O9*M9/2)/(M9-CT_ThongSo!$C$41)/(CT_ThongSo!$C$45/2))/CT_ThongSo!$C$56 -> 0.41654317 | BI9: =MAX(AA9,AG9,AM9,AS9,AY9,BE9) -> 0.64919138 | BJ9: =MAX(AB9,AH9,AN9,AT9,AZ9,BF9) -> 0.36169311 | BK9: =MAX(AC9,AI9,AO9,AU9,BA9,BG9) -> 0.68651099 | BL9: =MAX(AD9,AJ9,AP9,AV9,BB9,BH9) -> 0.41654317 | BM9: =(O9/M9^2)/(5.14*CT_ThongSo!$C$37/CT_ThongSo!$C$44) -> 0.1459144 | BN9: =IF(MAX(BI9:BM9)<=1,"ĐẠT","KHÔNG ĐẠT") -> ĐẠT | BO9: =M9^2*N9 -> 2.5 | BP9: 2.5
A10: HV-DV005 | B10: B2-D18 | C10: BÈ 2 | D10: =VLOOKUP(C10,CT_LucDay!$A$6:$M$14,13,FALSE) -> 27.769542 | E10: 14.23 | F10: 138.9 | G10: B3-D13 | H10: BÈ 3 | I10: =VLOOKUP(H10,CT_LucDay!$A$6:$M$14,13,FALSE) -> 38.636921 | J10: 14.23 | K10: 318.9 | L10: 378.3 | M10: 2.5 | N10: 0.4 | O10: =M10^2*N10*(CT_ThongSo!$C$34-CT_ThongSo!$C$35) -> 37.5 | P10: =CT_ThongSo!$C$36*O10+CT_ThongSo!$C$45*CT_ThongSo!$C$56 -> 65.417254 | Q10: =M10*(0.5*CT_ThongSo!$C$38*CT_ThongSo!$C$40^2+2*CT_ThongSo!$C$37*CT_ThongSo!$C$40) -> 15.16875 | R10: =O10*M10/2+CT_ThongSo!$C$45/2*CT_ThongSo!$C$55*M10 -> 126.04313 | S10: =MAX(0,CT_ThongSo!$C$19-L10+CT_ThongSo!$C$13-N10-CT_ThongSo!$C$33) -> 1.5 | T10: =ATAN(S10/MAX(0.1,E10)) -> 0.10502326 | U10: =ATAN(S10/MAX(0.1,J10)) -> 0.10502326 | V10: =MAX(0,CT_ThongSo!$C$20-L10+CT_ThongSo!$C$13-N10-CT_ThongSo!$C$33) -> 7.5 | W10: =ATAN(V10/MAX(0.1,E10)) -> 0.48505702 | X10: =ATAN(V10/MAX(0.1,J10)) -> 0.48505702 | Y10: =SQRT((D10*COS(T10)*SIN(RADIANS(F10))+MIN(CT_ThongSo!$C$17,I10)*COS(U10)*SIN(RADIANS(K10)))^2+(D10*COS(T10)*COS(RADIANS(F10))+MIN(CT_ThongSo!$C$17,I10)*COS(U10)*COS(RADIANS(K10)))^2) -> 22.644084 | Z10: =D10*SIN(T10)+MIN(CT_ThongSo!$C$17,I10)*SIN(U10) -> 3.4352409 | AA10: =Z10/P10 -> 0.052512766 | AB10: =CT_ThongSo!$C$42*Y10/(IF(O10>Z10,CT_ThongSo!$C$39*CT_ThongSo!$C$37*M10^2,0)+Q10+CT_ThongSo!$C$45*CT_ThongSo!$C$61) -> 0.24683137 | AC10: =CT_ThongSo!$C$43*(Y10*(N10+CT_ThongSo!$C$33)+Z10*M10/2)/R10 -> 0.19931626 | AD10: =MAX(MAX(0,Z10-CT_ThongSo!$C$36*O10)/CT_ThongSo!$C$45,MAX(0,(Y10*(N10+CT_ThongSo!$C$33)+Z10*M10/2)-CT_ThongSo!$C$36*O10*M10/2)/(M10-CT_ThongSo!$C$41)/(CT_ThongSo!$C$45/2))/CT_ThongSo!$C$56 -> 0 | AE10: =SQRT((MIN(CT_ThongSo!$C$17,D10)*COS(T10)*SIN(RADIANS(F10))+I10*COS(U10)*SIN(RADIANS(K10)))^2+(MIN(CT_ThongSo!$C$17,D10)*COS(T10)*COS(RADIANS(F10))+I10*COS(U10)*COS(RADIANS(K10)))^2) -> 33.451585 | AF10: =MIN(CT_ThongSo!$C$17,D10)*SIN(T10)+I10*SIN(U10) -> 4.5744715 | AG10: =AF10/P10 -> 0.069927599 | AH10: =CT_ThongSo!$C$42*AE10/(IF(O10>AF10,CT_ThongSo!$C$39*CT_ThongSo!$C$37*M10^2,0)+Q10+CT_ThongSo!$C$45*CT_ThongSo!$C$61) -> 0.3646383 | AI10: =CT_ThongSo!$C$43*(AE10*(N10+CT_ThongSo!$C$33)+AF10*M10/2)/R10 -> 0.28700248 | AJ10: =MAX(MAX(0,AF10-CT_ThongSo!$C$36*O10)/CT_ThongSo!$C$45,MAX(0,(AE10*(N10+CT_ThongSo!$C$33)+AF10*M10/2)-CT_ThongSo!$C$36*O10*M10/2)/(M10-CT_ThongSo!$C$41)/(CT_ThongSo!$C$45/2))/CT_ThongSo!$C$56 -> 0 | AK10: =SQRT((D10*COS(T10)*SIN(RADIANS(F10))+I10*COS(U10)*SIN(RADIANS(K10)))^2+(D10*COS(T10)*COS(RADIANS(F10))+I10*COS(U10)*COS(RADIANS(K10)))^2) -> 10.807501 | AL10: =D10*SIN(T10)+I10*SIN(U10) -> 6.9614094 | AM10: =AL10/P10 -> 0.10641549 | AN10: =CT_ThongSo!$C$42*AK10/(IF(O10>AL10,CT_ThongSo!$C$39*CT_ThongSo!$C$37*M10^2,0)+Q10+CT_ThongSo!$C$45*CT_ThongSo!$C$61) -> 0.11780694 | AO10: =CT_ThongSo!$C$43*(AK10*(N10+CT_ThongSo!$C$33)+AL10*M10/2)/R10 -> 0.17429613 | AP10: =MAX(MAX(0,AL10-CT_ThongSo!$C$36*O10)/CT_ThongSo!$C$45,MAX(0,(AK10*(N10+CT_ThongSo!$C$33)+AL10*M10/2)-CT_ThongSo!$C$36*O10*M10/2)/(M10-CT_ThongSo!$C$41)/(CT_ThongSo!$C$45/2))/CT_ThongSo!$C$56 -> 0 | AQ10: =SQRT((D10*COS(W10)*SIN(RADIANS(F10))+MIN(CT_ThongSo!$C$17,I10)*COS(X10)*SIN(RADIANS(K10)))^2+(D10*COS(W10)*COS(RADIANS(F10))+MIN(CT_ThongSo!$C$17,I10)*COS(X10)*COS(RADIANS(K10)))^2) -> 20.143038 | AR10: =D10*SIN(W10)+MIN(CT_ThongSo!$C$17,I10)*SIN(X10) -> 15.279087 | AS10: =AR10/P10 -> 0.23356357 | AT10: =CT_ThongSo!$C$42*AQ10/(IF(O10>AR10,CT_ThongSo!$C$39*CT_ThongSo!$C$37*M10^2,0)+Q10+CT_ThongSo!$C$45*CT_ThongSo!$C$61) -> 0.21956876 | AU10: =CT_ThongSo!$C$43*(AQ10*(N10+CT_ThongSo!$C$33)+AR10*M10/2)/R10 -> 0.35913336 | AV10: =MAX(MAX(0,AR10-CT_ThongSo!$C$36*O10)/CT_ThongSo!$C$45,MAX(0,(AQ10*(N10+CT_ThongSo!$C$33)+AR10*M10/2)-CT_ThongSo!$C$36*O10*M10/2)/(M10-CT_ThongSo!$C$41)/(CT_ThongSo!$C$45/2))/CT_ThongSo!$C$56 -> 0 | AW10: =SQRT((MIN(CT_ThongSo!$C$17,D10)*COS(W10)*SIN(RADIANS(F10))+I10*COS(X10)*SIN(RADIANS(K10)))^2+(MIN(CT_ThongSo!$C$17,D10)*COS(W10)*COS(RADIANS(F10))+I10*COS(X10)*COS(RADIANS(K10)))^2) -> 29.756847 | AX10: =MIN(CT_ThongSo!$C$17,D10)*SIN(W10)+I10*SIN(X10) -> 20.346098 | AY10: =AX10/P10 -> 0.31102037 | AZ10: =CT_ThongSo!$C$42*AW10/(IF(O10>AX10,CT_ThongSo!$C$39*CT_ThongSo!$C$37*M10^2,0)+Q10+CT_ThongSo!$C$45*CT_ThongSo!$C$61) -> 0.32436388 | BA10: =CT_ThongSo!$C$43*(AW10*(N10+CT_ThongSo!$C$33)+AX10*M10/2)/R10 -> 0.49743552 | BB10: =MAX(MAX(0,AX10-CT_ThongSo!$C$36*O10)/CT_ThongSo!$C$45,MAX(0,(AW10*(N10+CT_ThongSo!$C$33)+AX10*M10/2)-CT_ThongSo!$C$36*O10*M10/2)/(M10-CT_ThongSo!$C$41)/(CT_ThongSo!$C$45/2))/CT_ThongSo!$C$56 -> 0 | BC10: =SQRT((D10*COS(W10)*SIN(RADIANS(F10))+I10*COS(X10)*SIN(RADIANS(K10)))^2+(D10*COS(W10)*COS(RADIANS(F10))+I10*COS(X10)*COS(RADIANS(K10)))^2) -> 9.613809 | BD10: =D10*SIN(W10)+I10*SIN(X10) -> 30.962597 | BE10: =BD10/P10 -> 0.47330934 | BF10: =CT_ThongSo!$C$42*BC10/(IF(O10>BD10,CT_ThongSo!$C$39*CT_ThongSo!$C$37*M10^2,0)+Q10+CT_ThongSo!$C$45*CT_ThongSo!$C$61) -> 0.10479512 | BG10: =CT_ThongSo!$C$43*(BC10*(N10+CT_ThongSo!$C$33)+BD10*M10/2)/R10 -> 0.52352128 | BH10: =MAX(MAX(0,BD10-CT_ThongSo!$C$36*O10)/CT_ThongSo!$C$45,MAX(0,(BC10*(N10+CT_ThongSo!$C$33)+BD10*M10/2)-CT_ThongSo!$C$36*O10*M10/2)/(M10-CT_ThongSo!$C$41)/(CT_ThongSo!$C$45/2))/CT_ThongSo!$C$56 -> 0.048465174 | BI10: =MAX(AA10,AG10,AM10,AS10,AY10,BE10) -> 0.47330934 | BJ10: =MAX(AB10,AH10,AN10,AT10,AZ10,BF10) -> 0.3646383 | BK10: =MAX(AC10,AI10,AO10,AU10,BA10,BG10) -> 0.52352128 | BL10: =MAX(AD10,AJ10,AP10,AV10,BB10,BH10) -> 0.048465174 | BM10: =(O10/M10^2)/(5.14*CT_ThongSo!$C$37/CT_ThongSo!$C$44) -> 0.1459144 | BN10: =IF(MAX(BI10:BM10)<=1,"ĐẠT","KHÔNG ĐẠT") -> ĐẠT | BO10: =M10^2*N10 -> 2.5 | BP10: 2.5
A11: HV-DV006 | B11: B3-D12 | C11: BÈ 3 | D11: =VLOOKUP(C11,CT_LucDay!$A$6:$M$14,13,FALSE) -> 38.636921 | E11: 9.36 | F11: 138 | G11: B3A-D23 | H11: BÈ 3A | I11: =VLOOKUP(H11,CT_LucDay!$A$6:$M$14,13,FALSE) -> 73.659983 | J11: 9.35 | K11: 318.1 | L11: 378.3 | M11: 3.25 | N11: 0.4 | O11: =M11^2*N11*(CT_ThongSo!$C$34-CT_ThongSo!$C$35) -> 63.375 | P11: =CT_ThongSo!$C$36*O11+CT_ThongSo!$C$45*CT_ThongSo!$C$56 -> 88.704754 | Q11: =M11*(0.5*CT_ThongSo!$C$38*CT_ThongSo!$C$40^2+2*CT_ThongSo!$C$37*CT_ThongSo!$C$40) -> 19.719375 | R11: =O11*M11/2+CT_ThongSo!$C$45/2*CT_ThongSo!$C$55*M11 -> 205.90295 | S11: =MAX(0,CT_ThongSo!$C$19-L11+CT_ThongSo!$C$13-N11-CT_ThongSo!$C$33) -> 1.5 | T11: =ATAN(S11/MAX(0.1,E11)) -> 0.15890526 | U11: =ATAN(S11/MAX(0.1,J11)) -> 0.15907236 | V11: =MAX(0,CT_ThongSo!$C$20-L11+CT_ThongSo!$C$13-N11-CT_ThongSo!$C$33) -> 7.5 | W11: =ATAN(V11/MAX(0.1,E11)) -> 0.67552219 | X11: =ATAN(V11/MAX(0.1,J11)) -> 0.67604387 | Y11: =SQRT((D11*COS(T11)*SIN(RADIANS(F11))+MIN(CT_ThongSo!$C$17,I11)*COS(U11)*SIN(RADIANS(K11)))^2+(D11*COS(T11)*COS(RADIANS(F11))+MIN(CT_ThongSo!$C$17,I11)*COS(U11)*COS(RADIANS(K11)))^2) -> 33.213273 | Z11: =D11*SIN(T11)+MIN(CT_ThongSo!$C$17,I11)*SIN(U11) -> 6.9058159 | AA11: =Z11/P11 -> 0.0778517 | AB11: =CT_ThongSo!$C$42*Y11/(IF(O11>Z11,CT_ThongSo!$C$39*CT_ThongSo!$C$37*M11^2,0)+Q11+CT_ThongSo!$C$45*CT_ThongSo!$C$61) -> 0.26888366 | AC11: =CT_ThongSo!$C$43*(Y11*(N11+CT_ThongSo!$C$33)+Z11*M11/2)/R11 -> 0.21482877 | AD11: =MAX(MAX(0,Z11-CT_ThongSo!$C$36*O11)/CT_ThongSo!$C$45,MAX(0,(Y11*(N11+CT_ThongSo!$C$33)+Z11*M11/2)-CT_ThongSo!$C$36*O11*M11/2)/(M11-CT_ThongSo!$C$41)/(CT_ThongSo!$C$45/2))/CT_ThongSo!$C$56 -> 0 | AE11: =SQRT((MIN(CT_ThongSo!$C$17,D11)*COS(T11)*SIN(RADIANS(F11))+I11*COS(U11)*SIN(RADIANS(K11)))^2+(MIN(CT_ThongSo!$C$17,D11)*COS(T11)*COS(RADIANS(F11))+I11*COS(U11)*COS(RADIANS(K11)))^2) -> 67.793002 | AF11: =MIN(CT_ThongSo!$C$17,D11)*SIN(T11)+I11*SIN(U11) -> 12.459101 | AG11: =AF11/P11 -> 0.14045584 | AH11: =CT_ThongSo!$C$42*AE11/(IF(O11>AF11,CT_ThongSo!$C$39*CT_ThongSo!$C$37*M11^2,0)+Q11+CT_ThongSo!$C$45*CT_ThongSo!$C$61) -> 0.5488297 | AI11: =CT_ThongSo!$C$43*(AE11*(N11+CT_ThongSo!$C$33)+AF11*M11/2)/R11 -> 0.41912117 | AJ11: =MAX(MAX(0,AF11-CT_ThongSo!$C$36*O11)/CT_ThongSo!$C$45,MAX(0,(AE11*(N11+CT_ThongSo!$C$33)+AF11*M11/2)-CT_ThongSo!$C$36*O11*M11/2)/(M11-CT_ThongSo!$C$41)/(CT_ThongSo!$C$45/2))/CT_ThongSo!$C$56 -> 0 | AK11: =SQRT((D11*COS(T11)*SIN(RADIANS(F11))+I11*COS(U11)*SIN(RADIANS(K11)))^2+(D11*COS(T11)*COS(RADIANS(F11))+I11*COS(U11)*COS(RADIANS(K11)))^2) -> 34.579984 | AL11: =D11*SIN(T11)+I11*SIN(U11) -> 17.781719 | AM11: =AL11/P11 -> 0.20045959 | AN11: =CT_ThongSo!$C$42*AK11/(IF(O11>AL11,CT_ThongSo!$C$39*CT_ThongSo!$C$37*M11^2,0)+Q11+CT_ThongSo!$C$45*CT_ThongSo!$C$61) -> 0.2799481 | AO11: =CT_ThongSo!$C$43*(AK11*(N11+CT_ThongSo!$C$33)+AL11*M11/2)/R11 -> 0.34905486 | AP11: =MAX(MAX(0,AL11-CT_ThongSo!$C$36*O11)/CT_ThongSo!$C$45,MAX(0,(AK11*(N11+CT_ThongSo!$C$33)+AL11*M11/2)-CT_ThongSo!$C$36*O11*M11/2)/(M11-CT_ThongSo!$C$41)/(CT_ThongSo!$C$45/2))/CT_ThongSo!$C$56 -> 0 | AQ11: =SQRT((D11*COS(W11)*SIN(RADIANS(F11))+MIN(CT_ThongSo!$C$17,I11)*COS(X11)*SIN(RADIANS(K11)))^2+(D11*COS(W11)*COS(RADIANS(F11))+MIN(CT_ThongSo!$C$17,I11)*COS(X11)*COS(RADIANS(K11)))^2) -> 26.251236 | AR11: =D11*SIN(W11)+MIN(CT_ThongSo!$C$17,I11)*SIN(X11) -> 27.288416 | AS11: =AR11/P11 -> 0.30763194 | AT11: =CT_ThongSo!$C$42*AQ11/(IF(O11>AR11,CT_ThongSo!$C$39*CT_ThongSo!$C$37*M11^2,0)+Q11+CT_ThongSo!$C$45*CT_ThongSo!$C$61) -> 0.21252132 | AU11: =CT_ThongSo!$C$43*(AQ11*(N11+CT_ThongSo!$C$33)+AR11*M11/2)/R11 -> 0.42822496 | AV11: =MAX(MAX(0,AR11-CT_ThongSo!$C$36*O11)/CT_ThongSo!$C$45,MAX(0,(AQ11*(N11+CT_ThongSo!$C$33)+AR11*M11/2)-CT_ThongSo!$C$36*O11*M11/2)/(M11-CT_ThongSo!$C$41)/(CT_ThongSo!$C$45/2))/CT_ThongSo!$C$56 -> 0 | AW11: =SQRT((MIN(CT_ThongSo!$C$17,D11)*COS(W11)*SIN(RADIANS(F11))+I11*COS(X11)*SIN(RADIANS(K11)))^2+(MIN(CT_ThongSo!$C$17,D11)*COS(W11)*COS(RADIANS(F11))+I11*COS(X11)*COS(RADIANS(K11)))^2) -> 53.556884 | AX11: =MIN(CT_ThongSo!$C$17,D11)*SIN(W11)+I11*SIN(X11) -> 49.216455 | AY11: =AX11/P11 -> 0.55483447 | AZ11: =CT_ThongSo!$C$42*AW11/(IF(O11>AX11,CT_ThongSo!$C$39*CT_ThongSo!$C$37*M11^2,0)+Q11+CT_ThongSo!$C$45*CT_ThongSo!$C$61) -> 0.4335788 | BA11: =CT_ThongSo!$C$43*(AW11*(N11+CT_ThongSo!$C$33)+AX11*M11/2)/R11 -> 0.797218 | BB11: =MAX(MAX(0,AX11-CT_ThongSo!$C$36*O11)/CT_ThongSo!$C$45,MAX(0,(AW11*(N11+CT_ThongSo!$C$33)+AX11*M11/2)-CT_ThongSo!$C$36*O11*M11/2)/(M11-CT_ThongSo!$C$41)/(CT_ThongSo!$C$45/2))/CT_ThongSo!$C$56 -> 0.3411907 | BC11: =SQRT((D11*COS(W11)*SIN(RADIANS(F11))+I11*COS(X11)*SIN(RADIANS(K11)))^2+(D11*COS(W11)*COS(RADIANS(F11))+I11*COS(X11)*COS(RADIANS(K11)))^2) -> 27.307376 | BD11: =D11*SIN(W11)+I11*SIN(X11) -> 70.249786 | BE11: =BD11/P11 -> 0.79195064 | BF11: =CT_ThongSo!$C$42*BC11/(IF(O11>BD11,CT_ThongSo!$C$39*CT_ThongSo!$C$37*M11^2,0)+Q11+CT_ThongSo!$C$45*CT_ThongSo!$C$61) -> 0.51420344 | BG11: =CT_ThongSo!$C$43*(BC11*(N11+CT_ThongSo!$C$33)+BD11*M11/2)/R11 -> 0.9410377 | BH11: =MAX(MAX(0,BD11-CT_ThongSo!$C$36*O11)/CT_ThongSo!$C$45,MAX(0,(BC11*(N11+CT_ThongSo!$C$33)+BD11*M11/2)-CT_ThongSo!$C$36*O11*M11/2)/(M11-CT_ThongSo!$C$41)/(CT_ThongSo!$C$45/2))/CT_ThongSo!$C$56 -> 0.74339583 | BI11: =MAX(AA11,AG11,AM11,AS11,AY11,BE11) -> 0.79195064 | BJ11: =MAX(AB11,AH11,AN11,AT11,AZ11,BF11) -> 0.5488297 | BK11: =MAX(AC11,AI11,AO11,AU11,BA11,BG11) -> 0.9410377 | BL11: =MAX(AD11,AJ11,AP11,AV11,BB11,BH11) -> 0.74339583 | BM11: =(O11/M11^2)/(5.14*CT_ThongSo!$C$37/CT_ThongSo!$C$44) -> 0.1459144 | BN11: =IF(MAX(BI11:BM11)<=1,"ĐẠT","KHÔNG ĐẠT") -> ĐẠT | BO11: =M11^2*N11 -> 4.225 | BP11: 3.25
A12: HV-DV007 | B12: B3-D14 | C12: BÈ 3 | D12: =VLOOKUP(C12,CT_LucDay!$A$6:$M$14,13,FALSE) -> 38.636921 | E12: 15.33 | F12: 139.5 | G12: B3A-D21 | H12: BÈ 3A | I12: =VLOOKUP(H12,CT_LucDay!$A$6:$M$14,13,FALSE) -> 73.659983 | J12: 15.33 | K12: 319.5 | L12: 378.3 | M12: 2.5 | N12: 0.4 | O12: =M12^2*N12*(CT_ThongSo!$C$34-CT_ThongSo!$C$35) -> 37.5 | P12: =CT_ThongSo!$C$36*O12+CT_ThongSo!$C$45*CT_ThongSo!$C$56 -> 65.417254 | Q12: =M12*(0.5*CT_ThongSo!$C$38*CT_ThongSo!$C$40^2+2*CT_ThongSo!$C$37*CT_ThongSo!$C$40) -> 15.16875 | R12: =O12*M12/2+CT_ThongSo!$C$45/2*CT_ThongSo!$C$55*M12 -> 126.04313 | S12: =MAX(0,CT_ThongSo!$C$19-L12+CT_ThongSo!$C$13-N12-CT_ThongSo!$C$33) -> 1.5 | T12: =ATAN(S12/MAX(0.1,E12)) -> 0.097536873 | U12: =ATAN(S12/MAX(0.1,J12)) -> 0.097536873 | V12: =MAX(0,CT_ThongSo!$C$20-L12+CT_ThongSo!$C$13-N12-CT_ThongSo!$C$33) -> 7.5 | W12: =ATAN(V12/MAX(0.1,E12)) -> 0.45500003 | X12: =ATAN(V12/MAX(0.1,J12)) -> 0.45500003 | Y12: =SQRT((D12*COS(T12)*SIN(RADIANS(F12))+MIN(CT_ThongSo!$C$17,I12)*COS(U12)*SIN(RADIANS(K12)))^2+(D12*COS(T12)*COS(RADIANS(F12))+MIN(CT_ThongSo!$C$17,I12)*COS(U12)*COS(RADIANS(K12)))^2) -> 33.477046 | Z12: =D12*SIN(T12)+MIN(CT_ThongSo!$C$17,I12)*SIN(U12) -> 4.2494634 | AA12: =Z12/P12 -> 0.064959368 | AB12: =CT_ThongSo!$C$42*Y12/(IF(O12>Z12,CT_ThongSo!$C$39*CT_ThongSo!$C$37*M12^2,0)+Q12+CT_ThongSo!$C$45*CT_ThongSo!$C$61) -> 0.36491583 | AC12: =CT_ThongSo!$C$43*(Y12*(N12+CT_ThongSo!$C$33)+Z12*M12/2)/R12 -> 0.28233435 | AD12: =MAX(MAX(0,Z12-CT_ThongSo!$C$36*O12)/CT_ThongSo!$C$45,MAX(0,(Y12*(N12+CT_ThongSo!$C$33)+Z12*M12/2)-CT_ThongSo!$C$36*O12*M12/2)/(M12-CT_ThongSo!$C$41)/(CT_ThongSo!$C$45/2))/CT_ThongSo!$C$56 -> 0 | AE12: =SQRT((MIN(CT_ThongSo!$C$17,D12)*COS(T12)*SIN(RADIANS(F12))+I12*COS(U12)*SIN(RADIANS(K12)))^2+(MIN(CT_ThongSo!$C$17,D12)*COS(T12)*COS(RADIANS(F12))+I12*COS(U12)*COS(RADIANS(K12)))^2) -> 68.333645 | AF12: =MIN(CT_ThongSo!$C$17,D12)*SIN(T12)+I12*SIN(U12) -> 7.6600896 | AG12: =AF12/P12 -> 0.11709586 | AH12: =CT_ThongSo!$C$42*AE12/(IF(O12>AF12,CT_ThongSo!$C$39*CT_ThongSo!$C$37*M12^2,0)+Q12+CT_ThongSo!$C$45*CT_ThongSo!$C$61) -> 0.74486946 | AI12: =CT_ThongSo!$C$43*(AE12*(N12+CT_ThongSo!$C$33)+AF12*M12/2)/R12 -> 0.56121998 | AJ12: =MAX(MAX(0,AF12-CT_ThongSo!$C$36*O12)/CT_ThongSo!$C$45,MAX(0,(AE12*(N12+CT_ThongSo!$C$33)+AF12*M12/2)-CT_ThongSo!$C$36*O12*M12/2)/(M12-CT_ThongSo!$C$41)/(CT_ThongSo!$C$45/2))/CT_ThongSo!$C$56 -> 0.13359977 | AK12: =SQRT((D12*COS(T12)*SIN(RADIANS(F12))+I12*COS(U12)*SIN(RADIANS(K12)))^2+(D12*COS(T12)*COS(RADIANS(F12))+I12*COS(U12)*COS(RADIANS(K12)))^2) -> 34.856599 | AL12: =D12*SIN(T12)+I12*SIN(U12) -> 10.93573 | AM12: =AL12/P12 -> 0.1671689 | AN12: =CT_ThongSo!$C$42*AK12/(IF(O12>AL12,CT_ThongSo!$C$39*CT_ThongSo!$C$37*M12^2,0)+Q12+CT_ThongSo!$C$45*CT_ThongSo!$C$61) -> 0.37995363 | AO12: =CT_ThongSo!$C$43*(AK12*(N12+CT_ThongSo!$C$33)+AL12*M12/2)/R12 -> 0.39082802 | AP12: =MAX(MAX(0,AL12-CT_ThongSo!$C$36*O12)/CT_ThongSo!$C$45,MAX(0,(AK12*(N12+CT_ThongSo!$C$33)+AL12*M12/2)-CT_ThongSo!$C$36*O12*M12/2)/(M12-CT_ThongSo!$C$41)/(CT_ThongSo!$C$45/2))/CT_ThongSo!$C$56 -> 0 | AQ12: =SQRT((D12*COS(W12)*SIN(RADIANS(F12))+MIN(CT_ThongSo!$C$17,I12)*COS(X12)*SIN(RADIANS(K12)))^2+(D12*COS(W12)*COS(RADIANS(F12))+MIN(CT_ThongSo!$C$17,I12)*COS(X12)*COS(RADIANS(K12)))^2) -> 30.214734 | AR12: =D12*SIN(W12)+MIN(CT_ThongSo!$C$17,I12)*SIN(X12) -> 19.176783 | AS12: =AR12/P12 -> 0.29314564 | AT12: =CT_ThongSo!$C$42*AQ12/(IF(O12>AR12,CT_ThongSo!$C$39*CT_ThongSo!$C$37*M12^2,0)+Q12+CT_ThongSo!$C$45*CT_ThongSo!$C$61) -> 0.32935508 | AU12: =CT_ThongSo!$C$43*(AQ12*(N12+CT_ThongSo!$C$33)+AR12*M12/2)/R12 -> 0.483038 | AV12: =MAX(MAX(0,AR12-CT_ThongSo!$C$36*O12)/CT_ThongSo!$C$45,MAX(0,(AQ12*(N12+CT_ThongSo!$C$33)+AR12*M12/2)-CT_ThongSo!$C$36*O12*M12/2)/(M12-CT_ThongSo!$C$41)/(CT_ThongSo!$C$45/2))/CT_ThongSo!$C$56 -> 0 | AW12: =SQRT((MIN(CT_ThongSo!$C$17,D12)*COS(W12)*SIN(RADIANS(F12))+I12*COS(X12)*SIN(RADIANS(K12)))^2+(MIN(CT_ThongSo!$C$17,D12)*COS(W12)*COS(RADIANS(F12))+I12*COS(X12)*COS(RADIANS(K12)))^2) -> 61.674586 | AX12: =MIN(CT_ThongSo!$C$17,D12)*SIN(W12)+I12*SIN(X12) -> 34.5681 | AY12: =AX12/P12 -> 0.52842481 | AZ12: =CT_ThongSo!$C$42*AW12/(IF(O12>AX12,CT_ThongSo!$C$39*CT_ThongSo!$C$37*M12^2,0)+Q12+CT_ThongSo!$C$45*CT_ThongSo!$C$61) -> 0.67228253 | BA12: =CT_ThongSo!$C$43*(AW12*(N12+CT_ThongSo!$C$33)+AX12*M12/2)/R12 -> 0.9179137 | BB12: =MAX(MAX(0,AX12-CT_ThongSo!$C$36*O12)/CT_ThongSo!$C$45,MAX(0,(AW12*(N12+CT_ThongSo!$C$33)+AX12*M12/2)-CT_ThongSo!$C$36*O12*M12/2)/(M12-CT_ThongSo!$C$41)/(CT_ThongSo!$C$45/2))/CT_ThongSo!$C$56 -> 0.93911755 | BC12: =SQRT((D12*COS(W12)*SIN(RADIANS(F12))+I12*COS(X12)*SIN(RADIANS(K12)))^2+(D12*COS(W12)*COS(RADIANS(F12))+I12*COS(X12)*COS(RADIANS(K12)))^2) -> 31.459851 | BD12: =D12*SIN(W12)+I12*SIN(X12) -> 49.35026 | BE12: =BD12/P12 -> 0.7543921 | BF12: =CT_ThongSo!$C$42*BC12/(IF(O12>BD12,CT_ThongSo!$C$39*CT_ThongSo!$C$37*M12^2,0)+Q12+CT_ThongSo!$C$45*CT_ThongSo!$C$61) -> 0.628287 | BG12: =CT_ThongSo!$C$43*(BC12*(N12+CT_ThongSo!$C$33)+BD12*M12/2)/R12 -> 0.94004417 | BH12: =MAX(MAX(0,BD12-CT_ThongSo!$C$36*O12)/CT_ThongSo!$C$45,MAX(0,(BC12*(N12+CT_ThongSo!$C$33)+BD12*M12/2)-CT_ThongSo!$C$36*O12*M12/2)/(M12-CT_ThongSo!$C$41)/(CT_ThongSo!$C$45/2))/CT_ThongSo!$C$56 -> 0.98909456 | BI12: =MAX(AA12,AG12,AM12,AS12,AY12,BE12) -> 0.7543921 | BJ12: =MAX(AB12,AH12,AN12,AT12,AZ12,BF12) -> 0.74486946 | BK12: =MAX(AC12,AI12,AO12,AU12,BA12,BG12) -> 0.94004417 | BL12: =MAX(AD12,AJ12,AP12,AV12,BB12,BH12) -> 0.98909456 | BM12: =(O12/M12^2)/(5.14*CT_ThongSo!$C$37/CT_ThongSo!$C$44) -> 0.1459144 | BN12: =IF(MAX(BI12:BM12)<=1,"ĐẠT","KHÔNG ĐẠT") -> ĐẠT | BO12: =M12^2*N12 -> 2.5 | BP12: 2.5
A13: HV-DV008 | B13: B3-D20 | C13: BÈ 3 | D13: =VLOOKUP(C13,CT_LucDay!$A$6:$M$14,13,FALSE) -> 38.636921 | E13: 12.34 | F13: 138.9 | G13: B3A-D22 | H13: BÈ 3A | I13: =VLOOKUP(H13,CT_LucDay!$A$6:$M$14,13,FALSE) -> 73.659983 | J13: 12.34 | K13: 319 | L13: 378.3 | M13: 2.75 | N13: 0.4 | O13: =M13^2*N13*(CT_ThongSo!$C$34-CT_ThongSo!$C$35) -> 45.375 | P13: =CT_ThongSo!$C$36*O13+CT_ThongSo!$C$45*CT_ThongSo!$C$56 -> 72.504754 | Q13: =M13*(0.5*CT_ThongSo!$C$38*CT_ThongSo!$C$40^2+2*CT_ThongSo!$C$37*CT_ThongSo!$C$40) -> 16.685625 | R13: =O13*M13/2+CT_ThongSo!$C$45/2*CT_ThongSo!$C$55*M13 -> 149.47557 | S13: =MAX(0,CT_ThongSo!$C$19-L13+CT_ThongSo!$C$13-N13-CT_ThongSo!$C$33) -> 1.5 | T13: =ATAN(S13/MAX(0.1,E13)) -> 0.12096247 | U13: =ATAN(S13/MAX(0.1,J13)) -> 0.12096247 | V13: =MAX(0,CT_ThongSo!$C$20-L13+CT_ThongSo!$C$13-N13-CT_ThongSo!$C$33) -> 7.5 | W13: =ATAN(V13/MAX(0.1,E13)) -> 0.54612015 | X13: =ATAN(V13/MAX(0.1,J13)) -> 0.54612015 | Y13: =SQRT((D13*COS(T13)*SIN(RADIANS(F13))+MIN(CT_ThongSo!$C$17,I13)*COS(U13)*SIN(RADIANS(K13)))^2+(D13*COS(T13)*COS(RADIANS(F13))+MIN(CT_ThongSo!$C$17,I13)*COS(U13)*COS(RADIANS(K13)))^2) -> 33.391143 | Z13: =D13*SIN(T13)+MIN(CT_ThongSo!$C$17,I13)*SIN(U13) -> 5.2655669 | AA13: =Z13/P13 -> 0.072623747 | AB13: =CT_ThongSo!$C$42*Y13/(IF(O13>Z13,CT_ThongSo!$C$39*CT_ThongSo!$C$37*M13^2,0)+Q13+CT_ThongSo!$C$45*CT_ThongSo!$C$61) -> 0.32897568 | AC13: =CT_ThongSo!$C$43*(Y13*(N13+CT_ThongSo!$C$33)+Z13*M13/2)/R13 -> 0.25695118 | AD13: =MAX(MAX(0,Z13-CT_ThongSo!$C$36*O13)/CT_ThongSo!$C$45,MAX(0,(Y13*(N13+CT_ThongSo!$C$33)+Z13*M13/2)-CT_ThongSo!$C$36*O13*M13/2)/(M13-CT_ThongSo!$C$41)/(CT_ThongSo!$C$45/2))/CT_ThongSo!$C$56 -> 0 | AE13: =SQRT((MIN(CT_ThongSo!$C$17,D13)*COS(T13)*SIN(RADIANS(F13))+I13*COS(U13)*SIN(RADIANS(K13)))^2+(MIN(CT_ThongSo!$C$17,D13)*COS(T13)*COS(RADIANS(F13))+I13*COS(U13)*COS(RADIANS(K13)))^2) -> 68.158289 | AF13: =MIN(CT_ThongSo!$C$17,D13)*SIN(T13)+I13*SIN(U13) -> 9.4917193 | AG13: =AF13/P13 -> 0.13091168 | AH13: =CT_ThongSo!$C$42*AE13/(IF(O13>AF13,CT_ThongSo!$C$39*CT_ThongSo!$C$37*M13^2,0)+Q13+CT_ThongSo!$C$45*CT_ThongSo!$C$61) -> 0.671508 | AI13: =CT_ThongSo!$C$43*(AE13*(N13+CT_ThongSo!$C$33)+AF13*M13/2)/R13 -> 0.50715484 | AJ13: =MAX(MAX(0,AF13-CT_ThongSo!$C$36*O13)/CT_ThongSo!$C$45,MAX(0,(AE13*(N13+CT_ThongSo!$C$33)+AF13*M13/2)-CT_ThongSo!$C$36*O13*M13/2)/(M13-CT_ThongSo!$C$41)/(CT_ThongSo!$C$45/2))/CT_ThongSo!$C$56 -> 0 | AK13: =SQRT((D13*COS(T13)*SIN(RADIANS(F13))+I13*COS(U13)*SIN(RADIANS(K13)))^2+(D13*COS(T13)*COS(RADIANS(F13))+I13*COS(U13)*COS(RADIANS(K13)))^2) -> 34.76727 | AL13: =D13*SIN(T13)+I13*SIN(U13) -> 13.550609 | AM13: =AL13/P13 -> 0.1868927 | AN13: =CT_ThongSo!$C$42*AK13/(IF(O13>AL13,CT_ThongSo!$C$39*CT_ThongSo!$C$37*M13^2,0)+Q13+CT_ThongSo!$C$45*CT_ThongSo!$C$61) -> 0.34253354 | AO13: =CT_ThongSo!$C$43*(AK13*(N13+CT_ThongSo!$C$33)+AL13*M13/2)/R13 -> 0.37886544 | AP13: =MAX(MAX(0,AL13-CT_ThongSo!$C$36*O13)/CT_ThongSo!$C$45,MAX(0,(AK13*(N13+CT_ThongSo!$C$33)+AL13*M13/2)-CT_ThongSo!$C$36*O13*M13/2)/(M13-CT_ThongSo!$C$41)/(CT_ThongSo!$C$45/2))/CT_ThongSo!$C$56 -> 0 | AQ13: =SQRT((D13*COS(W13)*SIN(RADIANS(F13))+MIN(CT_ThongSo!$C$17,I13)*COS(X13)*SIN(RADIANS(K13)))^2+(D13*COS(W13)*COS(RADIANS(F13))+MIN(CT_ThongSo!$C$17,I13)*COS(X13)*COS(RADIANS(K13)))^2) -> 28.744305 | AR13: =D13*SIN(W13)+MIN(CT_ThongSo!$C$17,I13)*SIN(X13) -> 22.663953 | AS13: =AR13/P13 -> 0.31258576 | AT13: =CT_ThongSo!$C$42*AQ13/(IF(O13>AR13,CT_ThongSo!$C$39*CT_ThongSo!$C$37*M13^2,0)+Q13+CT_ThongSo!$C$45*CT_ThongSo!$C$61) -> 0.28319418 | AU13: =CT_ThongSo!$C$43*(AQ13*(N13+CT_ThongSo!$C$33)+AR13*M13/2)/R13 -> 0.47137103 | AV13: =MAX(MAX(0,AR13-CT_ThongSo!$C$36*O13)/CT_ThongSo!$C$45,MAX(0,(AQ13*(N13+CT_ThongSo!$C$33)+AR13*M13/2)-CT_ThongSo!$C$36*O13*M13/2)/(M13-CT_ThongSo!$C$41)/(CT_ThongSo!$C$45/2))/CT_ThongSo!$C$56 -> 0 | AW13: =SQRT((MIN(CT_ThongSo!$C$17,D13)*COS(W13)*SIN(RADIANS(F13))+I13*COS(X13)*SIN(RADIANS(K13)))^2+(MIN(CT_ThongSo!$C$17,D13)*COS(W13)*COS(RADIANS(F13))+I13*COS(X13)*COS(RADIANS(K13)))^2) -> 58.673124 | AX13: =MIN(CT_ThongSo!$C$17,D13)*SIN(W13)+I13*SIN(X13) -> 40.854079 | AY13: =AX13/P13 -> 0.56346758 | AZ13: =CT_ThongSo!$C$42*AW13/(IF(O13>AX13,CT_ThongSo!$C$39*CT_ThongSo!$C$37*M13^2,0)+Q13+CT_ThongSo!$C$45*CT_ThongSo!$C$61) -> 0.57805841 | BA13: =CT_ThongSo!$C$43*(AW13*(N13+CT_ThongSo!$C$33)+AX13*M13/2)/R13 -> 0.88754879 | BB13: =MAX(MAX(0,AX13-CT_ThongSo!$C$36*O13)/CT_ThongSo!$C$45,MAX(0,(AW13*(N13+CT_ThongSo!$C$33)+AX13*M13/2)-CT_ThongSo!$C$36*O13*M13/2)/(M13-CT_ThongSo!$C$41)/(CT_ThongSo!$C$45/2))/CT_ThongSo!$C$56 -> 0.78443113 | BC13: =SQRT((D13*COS(W13)*SIN(RADIANS(F13))+I13*COS(X13)*SIN(RADIANS(K13)))^2+(D13*COS(W13)*COS(RADIANS(F13))+I13*COS(X13)*COS(RADIANS(K13)))^2) -> 29.928925 | BD13: =D13*SIN(W13)+I13*SIN(X13) -> 58.324276 | BE13: =BD13/P13 -> 0.80442002 | BF13: =CT_ThongSo!$C$42*BC13/(IF(O13>BD13,CT_ThongSo!$C$39*CT_ThongSo!$C$37*M13^2,0)+Q13+CT_ThongSo!$C$45*CT_ThongSo!$C$61) -> 0.58588046 | BG13: =CT_ThongSo!$C$43*(BC13*(N13+CT_ThongSo!$C$33)+BD13*M13/2)/R13 -> 0.96995903 | BH13: =MAX(MAX(0,BD13-CT_ThongSo!$C$36*O13)/CT_ThongSo!$C$45,MAX(0,(BC13*(N13+CT_ThongSo!$C$33)+BD13*M13/2)-CT_ThongSo!$C$36*O13*M13/2)/(M13-CT_ThongSo!$C$41)/(CT_ThongSo!$C$45/2))/CT_ThongSo!$C$56 -> 0.98391435 | BI13: =MAX(AA13,AG13,AM13,AS13,AY13,BE13) -> 0.80442002 | BJ13: =MAX(AB13,AH13,AN13,AT13,AZ13,BF13) -> 0.671508 | BK13: =MAX(AC13,AI13,AO13,AU13,BA13,BG13) -> 0.96995903 | BL13: =MAX(AD13,AJ13,AP13,AV13,BB13,BH13) -> 0.98391435 | BM13: =(O13/M13^2)/(5.14*CT_ThongSo!$C$37/CT_ThongSo!$C$44) -> 0.1459144 | BN13: =IF(MAX(BI13:BM13)<=1,"ĐẠT","KHÔNG ĐẠT") -> ĐẠT | BO13: =M13^2*N13 -> 3.025 | BP13: 2.75
A14: HV-DV009 | B14: B3-D21 | C14: BÈ 3 | D14: =VLOOKUP(C14,CT_LucDay!$A$6:$M$14,13,FALSE) -> 38.636921 | E14: 9.6 | F14: 135.9 | G14: B3A-D24 | H14: BÈ 3A | I14: =VLOOKUP(H14,CT_LucDay!$A$6:$M$14,13,FALSE) -> 73.659983 | J14: 9.59 | K14: 315.9 | L14: 378.3 | M14: 3.25 | N14: 0.4 | O14: =M14^2*N14*(CT_ThongSo!$C$34-CT_ThongSo!$C$35) -> 63.375 | P14: =CT_ThongSo!$C$36*O14+CT_ThongSo!$C$45*CT_ThongSo!$C$56 -> 88.704754 | Q14: =M14*(0.5*CT_ThongSo!$C$38*CT_ThongSo!$C$40^2+2*CT_ThongSo!$C$37*CT_ThongSo!$C$40) -> 19.719375 | R14: =O14*M14/2+CT_ThongSo!$C$45/2*CT_ThongSo!$C$55*M14 -> 205.90295 | S14: =MAX(0,CT_ThongSo!$C$19-L14+CT_ThongSo!$C$13-N14-CT_ThongSo!$C$33) -> 1.5 | T14: =ATAN(S14/MAX(0.1,E14)) -> 0.15499674 | U14: =ATAN(S14/MAX(0.1,J14)) -> 0.15515579 | V14: =MAX(0,CT_ThongSo!$C$20-L14+CT_ThongSo!$C$13-N14-CT_ThongSo!$C$33) -> 7.5 | W14: =ATAN(V14/MAX(0.1,E14)) -> 0.66320299 | X14: =ATAN(V14/MAX(0.1,J14)) -> 0.66370868 | Y14: =SQRT((D14*COS(T14)*SIN(RADIANS(F14))+MIN(CT_ThongSo!$C$17,I14)*COS(U14)*SIN(RADIANS(K14)))^2+(D14*COS(T14)*COS(RADIANS(F14))+MIN(CT_ThongSo!$C$17,I14)*COS(U14)*COS(RADIANS(K14)))^2) -> 33.233805 | Z14: =D14*SIN(T14)+MIN(CT_ThongSo!$C$17,I14)*SIN(U14) -> 6.7373173 | AA14: =Z14/P14 -> 0.075952156 | AB14: =CT_ThongSo!$C$42*Y14/(IF(O14>Z14,CT_ThongSo!$C$39*CT_ThongSo!$C$37*M14^2,0)+Q14+CT_ThongSo!$C$45*CT_ThongSo!$C$61) -> 0.26904988 | AC14: =CT_ThongSo!$C$43*(Y14*(N14+CT_ThongSo!$C$33)+Z14*M14/2)/R14 -> 0.21291633 | AD14: =MAX(MAX(0,Z14-CT_ThongSo!$C$36*O14)/CT_ThongSo!$C$45,MAX(0,(Y14*(N14+CT_ThongSo!$C$33)+Z14*M14/2)-CT_ThongSo!$C$36*O14*M14/2)/(M14-CT_ThongSo!$C$41)/(CT_ThongSo!$C$45/2))/CT_ThongSo!$C$56 -> 0 | AE14: =SQRT((MIN(CT_ThongSo!$C$17,D14)*COS(T14)*SIN(RADIANS(F14))+I14*COS(U14)*SIN(RADIANS(K14)))^2+(MIN(CT_ThongSo!$C$17,D14)*COS(T14)*COS(RADIANS(F14))+I14*COS(U14)*COS(RADIANS(K14)))^2) -> 67.83508 | AF14: =MIN(CT_ThongSo!$C$17,D14)*SIN(T14)+I14*SIN(U14) -> 12.154857 | AG14: =AF14/P14 -> 0.137026 | AH14: =CT_ThongSo!$C$42*AE14/(IF(O14>AF14,CT_ThongSo!$C$39*CT_ThongSo!$C$37*M14^2,0)+Q14+CT_ThongSo!$C$45*CT_ThongSo!$C$61) -> 0.54917035 | AI14: =CT_ThongSo!$C$43*(AE14*(N14+CT_ThongSo!$C$33)+AF14*M14/2)/R14 -> 0.4156881 | AJ14: =MAX(MAX(0,AF14-CT_ThongSo!$C$36*O14)/CT_ThongSo!$C$45,MAX(0,(AE14*(N14+CT_ThongSo!$C$33)+AF14*M14/2)-CT_ThongSo!$C$36*O14*M14/2)/(M14-CT_ThongSo!$C$41)/(CT_ThongSo!$C$45/2))/CT_ThongSo!$C$56 -> 0 | AK14: =SQRT((D14*COS(T14)*SIN(RADIANS(F14))+I14*COS(U14)*SIN(RADIANS(K14)))^2+(D14*COS(T14)*COS(RADIANS(F14))+I14*COS(U14)*COS(RADIANS(K14)))^2) -> 34.601397 | AL14: =D14*SIN(T14)+I14*SIN(U14) -> 17.34762 | AM14: =AL14/P14 -> 0.19556584 | AN14: =CT_ThongSo!$C$42*AK14/(IF(O14>AL14,CT_ThongSo!$C$39*CT_ThongSo!$C$37*M14^2,0)+Q14+CT_ThongSo!$C$45*CT_ThongSo!$C$61) -> 0.28012146 | AO14: =CT_ThongSo!$C$43*(AK14*(N14+CT_ThongSo!$C$33)+AL14*M14/2)/R14 -> 0.34400176 | AP14: =MAX(MAX(0,AL14-CT_ThongSo!$C$36*O14)/CT_ThongSo!$C$45,MAX(0,(AK14*(N14+CT_ThongSo!$C$33)+AL14*M14/2)-CT_ThongSo!$C$36*O14*M14/2)/(M14-CT_ThongSo!$C$41)/(CT_ThongSo!$C$45/2))/CT_ThongSo!$C$56 -> 0 | AQ14: =SQRT((D14*COS(W14)*SIN(RADIANS(F14))+MIN(CT_ThongSo!$C$17,I14)*COS(X14)*SIN(RADIANS(K14)))^2+(D14*COS(W14)*COS(RADIANS(F14))+MIN(CT_ThongSo!$C$17,I14)*COS(X14)*COS(RADIANS(K14)))^2) -> 26.50827 | AR14: =D14*SIN(W14)+MIN(CT_ThongSo!$C$17,I14)*SIN(X14) -> 26.866802 | AS14: =AR14/P14 -> 0.30287894 | AT14: =CT_ThongSo!$C$42*AQ14/(IF(O14>AR14,CT_ThongSo!$C$39*CT_ThongSo!$C$37*M14^2,0)+Q14+CT_ThongSo!$C$45*CT_ThongSo!$C$61) -> 0.21460218 | AU14: =CT_ThongSo!$C$43*(AQ14*(N14+CT_ThongSo!$C$33)+AR14*M14/2)/R14 -> 0.42426373 | AV14: =MAX(MAX(0,AR14-CT_ThongSo!$C$36*O14)/CT_ThongSo!$C$45,MAX(0,(AQ14*(N14+CT_ThongSo!$C$33)+AR14*M14/2)-CT_ThongSo!$C$36*O14*M14/2)/(M14-CT_ThongSo!$C$41)/(CT_ThongSo!$C$45/2))/CT_ThongSo!$C$56 -> 0 | AW14: =SQRT((MIN(CT_ThongSo!$C$17,D14)*COS(W14)*SIN(RADIANS(F14))+I14*COS(X14)*SIN(RADIANS(K14)))^2+(MIN(CT_ThongSo!$C$17,D14)*COS(W14)*COS(RADIANS(F14))+I14*COS(X14)*COS(RADIANS(K14)))^2) -> 54.082801 | AX14: =MIN(CT_ThongSo!$C$17,D14)*SIN(W14)+I14*SIN(X14) -> 48.455897 | AY14: =AX14/P14 -> 0.54626043 | AZ14: =CT_ThongSo!$C$42*AW14/(IF(O14>AX14,CT_ThongSo!$C$39*CT_ThongSo!$C$37*M14^2,0)+Q14+CT_ThongSo!$C$45*CT_ThongSo!$C$61) -> 0.43783645 | BA14: =CT_ThongSo!$C$43*(AW14*(N14+CT_ThongSo!$C$33)+AX14*M14/2)/R14 -> 0.79032165 | BB14: =MAX(MAX(0,AX14-CT_ThongSo!$C$36*O14)/CT_ThongSo!$C$45,MAX(0,(AW14*(N14+CT_ThongSo!$C$33)+AX14*M14/2)-CT_ThongSo!$C$36*O14*M14/2)/(M14-CT_ThongSo!$C$41)/(CT_ThongSo!$C$45/2))/CT_ThongSo!$C$56 -> 0.32190442 | BC14: =SQRT((D14*COS(W14)*SIN(RADIANS(F14))+I14*COS(X14)*SIN(RADIANS(K14)))^2+(D14*COS(W14)*COS(RADIANS(F14))+I14*COS(X14)*COS(RADIANS(K14)))^2) -> 27.576087 | BD14: =D14*SIN(W14)+I14*SIN(X14) -> 69.164266 | BE14: =BD14/P14 -> 0.77971319 | BF14: =CT_ThongSo!$C$42*BC14/(IF(O14>BD14,CT_ThongSo!$C$39*CT_ThongSo!$C$37*M14^2,0)+Q14+CT_ThongSo!$C$45*CT_ThongSo!$C$61) -> 0.51926333 | BG14: =CT_ThongSo!$C$43*(BC14*(N14+CT_ThongSo!$C$33)+BD14*M14/2)/R14 -> 0.92926387 | BH14: =MAX(MAX(0,BD14-CT_ThongSo!$C$36*O14)/CT_ThongSo!$C$45,MAX(0,(BC14*(N14+CT_ThongSo!$C$33)+BD14*M14/2)-CT_ThongSo!$C$36*O14*M14/2)/(M14-CT_ThongSo!$C$41)/(CT_ThongSo!$C$45/2))/CT_ThongSo!$C$56 -> 0.7104692 | BI14: =MAX(AA14,AG14,AM14,AS14,AY14,BE14) -> 0.77971319 | BJ14: =MAX(AB14,AH14,AN14,AT14,AZ14,BF14) -> 0.54917035 | BK14: =MAX(AC14,AI14,AO14,AU14,BA14,BG14) -> 0.92926387 | BL14: =MAX(AD14,AJ14,AP14,AV14,BB14,BH14) -> 0.7104692 | BM14: =(O14/M14^2)/(5.14*CT_ThongSo!$C$37/CT_ThongSo!$C$44) -> 0.1459144 | BN14: =IF(MAX(BI14:BM14)<=1,"ĐẠT","KHÔNG ĐẠT") -> ĐẠT | BO14: =M14^2*N14 -> 4.225 | BP14: 3.25
A15: HV-DV010 | B15: B3A-D36 | C15: BÈ 3A | D15: =VLOOKUP(C15,CT_LucDay!$A$6:$M$14,13,FALSE) -> 73.659983 | E15: 20.96 | F15: 92.7 | G15: B5A-D32 | H15: BÈ 5A | I15: =VLOOKUP(H15,CT_LucDay!$A$6:$M$14,13,FALSE) -> 87.342727 | J15: 20.92 | K15: 270.6 | L15: 378.3 | M15: 2.75 | N15: 0.4 | O15: =M15^2*N15*(CT_ThongSo!$C$34-CT_ThongSo!$C$35) -> 45.375 | P15: =CT_ThongSo!$C$36*O15+CT_ThongSo!$C$45*CT_ThongSo!$C$56 -> 72.504754 | Q15: =M15*(0.5*CT_ThongSo!$C$38*CT_ThongSo!$C$40^2+2*CT_ThongSo!$C$37*CT_ThongSo!$C$40) -> 16.685625 | R15: =O15*M15/2+CT_ThongSo!$C$45/2*CT_ThongSo!$C$55*M15 -> 149.47557 | S15: =MAX(0,CT_ThongSo!$C$19-L15+CT_ThongSo!$C$13-N15-CT_ThongSo!$C$33) -> 1.5 | T15: =ATAN(S15/MAX(0.1,E15)) -> 0.071443086 | U15: =ATAN(S15/MAX(0.1,J15)) -> 0.071579222 | V15: =MAX(0,CT_ThongSo!$C$20-L15+CT_ThongSo!$C$13-N15-CT_ThongSo!$C$33) -> 7.5 | W15: =ATAN(V15/MAX(0.1,E15)) -> 0.34362828 | X15: =ATAN(V15/MAX(0.1,J15)) -> 0.34423467 | Y15: =SQRT((D15*COS(T15)*SIN(RADIANS(F15))+MIN(CT_ThongSo!$C$17,I15)*COS(U15)*SIN(RADIANS(K15)))^2+(D15*COS(T15)*COS(RADIANS(F15))+MIN(CT_ThongSo!$C$17,I15)*COS(U15)*COS(RADIANS(K15)))^2) -> 68.488475 | Z15: =D15*SIN(T15)+MIN(CT_ThongSo!$C$17,I15)*SIN(U15) -> 5.6156114 | AA15: =Z15/P15 -> 0.077451631 | AB15: =CT_ThongSo!$C$42*Y15/(IF(O15>Z15,CT_ThongSo!$C$39*CT_ThongSo!$C$37*M15^2,0)+Q15+CT_ThongSo!$C$45*CT_ThongSo!$C$61) -> 0.67476105 | AC15: =CT_ThongSo!$C$43*(Y15*(N15+CT_ThongSo!$C$33)+Z15*M15/2)/R15 -> 0.45549376 | AD15: =MAX(MAX(0,Z15-CT_ThongSo!$C$36*O15)/CT_ThongSo!$C$45,MAX(0,(Y15*(N15+CT_ThongSo!$C$33)+Z15*M15/2)-CT_ThongSo!$C$36*O15*M15/2)/(M15-CT_ThongSo!$C$41)/(CT_ThongSo!$C$45/2))/CT_ThongSo!$C$56 -> 0 | AE15: =SQRT((MIN(CT_ThongSo!$C$17,D15)*COS(T15)*SIN(RADIANS(F15))+I15*COS(U15)*SIN(RADIANS(K15)))^2+(MIN(CT_ThongSo!$C$17,D15)*COS(T15)*COS(RADIANS(F15))+I15*COS(U15)*COS(RADIANS(K15)))^2) -> 82.135376 | AF15: =MIN(CT_ThongSo!$C$17,D15)*SIN(T15)+I15*SIN(U15) -> 6.6034988 | AG15: =AF15/P15 -> 0.09107677 | AH15: =CT_ThongSo!$C$42*AE15/(IF(O15>AF15,CT_ThongSo!$C$39*CT_ThongSo!$C$37*M15^2,0)+Q15+CT_ThongSo!$C$45*CT_ThongSo!$C$61) -> 0.80921283 | AI15: =CT_ThongSo!$C$43*(AE15*(N15+CT_ThongSo!$C$33)+AF15*M15/2)/R15 -> 0.54444616 | AJ15: =MAX(MAX(0,AF15-CT_ThongSo!$C$36*O15)/CT_ThongSo!$C$45,MAX(0,(AE15*(N15+CT_ThongSo!$C$33)+AF15*M15/2)-CT_ThongSo!$C$36*O15*M15/2)/(M15-CT_ThongSo!$C$41)/(CT_ThongSo!$C$45/2))/CT_ThongSo!$C$56 -> 0 | AK15: =SQRT((D15*COS(T15)*SIN(RADIANS(F15))+I15*COS(U15)*SIN(RADIANS(K15)))^2+(D15*COS(T15)*COS(RADIANS(F15))+I15*COS(U15)*COS(RADIANS(K15)))^2) -> 13.958439 | AL15: =D15*SIN(T15)+I15*SIN(U15) -> 11.504608 | AM15: =AL15/P15 -> 0.15867384 | AN15: =CT_ThongSo!$C$42*AK15/(IF(O15>AL15,CT_ThongSo!$C$39*CT_ThongSo!$C$37*M15^2,0)+Q15+CT_ThongSo!$C$45*CT_ThongSo!$C$61) -> 0.13752111 | AO15: =CT_ThongSo!$C$43*(AK15*(N15+CT_ThongSo!$C$33)+AL15*M15/2)/R15 -> 0.23578412 | AP15: =MAX(MAX(0,AL15-CT_ThongSo!$C$36*O15)/CT_ThongSo!$C$45,MAX(0,(AK15*(N15+CT_ThongSo!$C$33)+AL15*M15/2)-CT_ThongSo!$C$36*O15*M15/2)/(M15-CT_ThongSo!$C$41)/(CT_ThongSo!$C$45/2))/CT_ThongSo!$C$56 -> 0 | AQ15: =SQRT((D15*COS(W15)*SIN(RADIANS(F15))+MIN(CT_ThongSo!$C$17,I15)*COS(X15)*SIN(RADIANS(K15)))^2+(D15*COS(W15)*COS(RADIANS(F15))+MIN(CT_ThongSo!$C$17,I15)*COS(X15)*COS(RADIANS(K15)))^2) -> 64.650429 | AR15: =D15*SIN(W15)+MIN(CT_ThongSo!$C$17,I15)*SIN(X15) -> 26.503833 | AS15: =AR15/P15 -> 0.36554614 | AT15: =CT_ThongSo!$C$42*AQ15/(IF(O15>AR15,CT_ThongSo!$C$39*CT_ThongSo!$C$37*M15^2,0)+Q15+CT_ThongSo!$C$45*CT_ThongSo!$C$61) -> 0.63694792 | AU15: =CT_ThongSo!$C$43*(AQ15*(N15+CT_ThongSo!$C$33)+AR15*M15/2)/R15 -> 0.72253115 | AV15: =MAX(MAX(0,AR15-CT_ThongSo!$C$36*O15)/CT_ThongSo!$C$45,MAX(0,(AQ15*(N15+CT_ThongSo!$C$33)+AR15*M15/2)-CT_ThongSo!$C$36*O15*M15/2)/(M15-CT_ThongSo!$C$41)/(CT_ThongSo!$C$45/2))/CT_ThongSo!$C$56 -> 0.38498743 | AW15: =SQRT((MIN(CT_ThongSo!$C$17,D15)*COS(W15)*SIN(RADIANS(F15))+I15*COS(X15)*SIN(RADIANS(K15)))^2+(MIN(CT_ThongSo!$C$17,D15)*COS(W15)*COS(RADIANS(F15))+I15*COS(X15)*COS(RADIANS(K15)))^2) -> 77.514341 | AX15: =MIN(CT_ThongSo!$C$17,D15)*SIN(W15)+I15*SIN(X15) -> 31.160631 | AY15: =AX15/P15 -> 0.42977363 | AZ15: =CT_ThongSo!$C$42*AW15/(IF(O15>AX15,CT_ThongSo!$C$39*CT_ThongSo!$C$37*M15^2,0)+Q15+CT_ThongSo!$C$45*CT_ThongSo!$C$61) -> 0.76368554 | BA15: =CT_ThongSo!$C$43*(AW15*(N15+CT_ThongSo!$C$33)+AX15*M15/2)/R15 -> 0.85778653 | BB15: =MAX(MAX(0,AX15-CT_ThongSo!$C$36*O15)/CT_ThongSo!$C$45,MAX(0,(AW15*(N15+CT_ThongSo!$C$33)+AX15*M15/2)-CT_ThongSo!$C$36*O15*M15/2)/(M15-CT_ThongSo!$C$41)/(CT_ThongSo!$C$45/2))/CT_ThongSo!$C$56 -> 0.71238824 | BC15: =SQRT((D15*COS(W15)*SIN(RADIANS(F15))+I15*COS(X15)*SIN(RADIANS(K15)))^2+(D15*COS(W15)*COS(RADIANS(F15))+I15*COS(X15)*COS(RADIANS(K15)))^2) -> 13.159283 | BD15: =D15*SIN(W15)+I15*SIN(X15) -> 54.292555 | BE15: =BD15/P15 -> 0.74881373 | BF15: =CT_ThongSo!$C$42*BC15/(IF(O15>BD15,CT_ThongSo!$C$39*CT_ThongSo!$C$37*M15^2,0)+Q15+CT_ThongSo!$C$45*CT_ThongSo!$C$61) -> 0.25760252 | BG15: =CT_ThongSo!$C$43*(BC15*(N15+CT_ThongSo!$C$33)+BD15*M15/2)/R15 -> 0.82177175 | BH15: =MAX(MAX(0,BD15-CT_ThongSo!$C$36*O15)/CT_ThongSo!$C$45,MAX(0,(BC15*(N15+CT_ThongSo!$C$33)+BD15*M15/2)-CT_ThongSo!$C$36*O15*M15/2)/(M15-CT_ThongSo!$C$41)/(CT_ThongSo!$C$45/2))/CT_ThongSo!$C$56 -> 0.62521041 | BI15: =MAX(AA15,AG15,AM15,AS15,AY15,BE15) -> 0.74881373 | BJ15: =MAX(AB15,AH15,AN15,AT15,AZ15,BF15) -> 0.80921283 | BK15: =MAX(AC15,AI15,AO15,AU15,BA15,BG15) -> 0.85778653 | BL15: =MAX(AD15,AJ15,AP15,AV15,BB15,BH15) -> 0.71238824 | BM15: =(O15/M15^2)/(5.14*CT_ThongSo!$C$37/CT_ThongSo!$C$44) -> 0.1459144 | BN15: =IF(MAX(BI15:BM15)<=1,"ĐẠT","KHÔNG ĐẠT") -> ĐẠT | BO15: =M15^2*N15 -> 3.025 | BP15: 2.75
A16: HV-DV011 | B16: B3A-D37 | C16: BÈ 3A | D16: =VLOOKUP(C16,CT_LucDay!$A$6:$M$14,13,FALSE) -> 73.659983 | E16: 20.95 | F16: 92 | G16: B5A-D31 | H16: BÈ 5A | I16: =VLOOKUP(H16,CT_LucDay!$A$6:$M$14,13,FALSE) -> 87.342727 | J16: 20.92 | K16: 269.9 | L16: 378.3 | M16: 2.75 | N16: 0.4 | O16: =M16^2*N16*(CT_ThongSo!$C$34-CT_ThongSo!$C$35) -> 45.375 | P16: =CT_ThongSo!$C$36*O16+CT_ThongSo!$C$45*CT_ThongSo!$C$56 -> 72.504754 | Q16: =M16*(0.5*CT_ThongSo!$C$38*CT_ThongSo!$C$40^2+2*CT_ThongSo!$C$37*CT_ThongSo!$C$40) -> 16.685625 | R16: =O16*M16/2+CT_ThongSo!$C$45/2*CT_ThongSo!$C$55*M16 -> 149.47557 | S16: =MAX(0,CT_ThongSo!$C$19-L16+CT_ThongSo!$C$13-N16-CT_ThongSo!$C$33) -> 1.5 | T16: =ATAN(S16/MAX(0.1,E16)) -> 0.071477071 | U16: =ATAN(S16/MAX(0.1,J16)) -> 0.071579222 | V16: =MAX(0,CT_ThongSo!$C$20-L16+CT_ThongSo!$C$13-N16-CT_ThongSo!$C$33) -> 7.5 | W16: =ATAN(V16/MAX(0.1,E16)) -> 0.34377968 | X16: =ATAN(V16/MAX(0.1,J16)) -> 0.34423467 | Y16: =SQRT((D16*COS(T16)*SIN(RADIANS(F16))+MIN(CT_ThongSo!$C$17,I16)*COS(U16)*SIN(RADIANS(K16)))^2+(D16*COS(T16)*COS(RADIANS(F16))+MIN(CT_ThongSo!$C$17,I16)*COS(U16)*COS(RADIANS(K16)))^2) -> 68.488296 | Z16: =D16*SIN(T16)+MIN(CT_ThongSo!$C$17,I16)*SIN(U16) -> 5.6181084 | AA16: =Z16/P16 -> 0.07748607 | AB16: =CT_ThongSo!$C$42*Y16/(IF(O16>Z16,CT_ThongSo!$C$39*CT_ThongSo!$C$37*M16^2,0)+Q16+CT_ThongSo!$C$45*CT_ThongSo!$C$61) -> 0.67475929 | AC16: =CT_ThongSo!$C$43*(Y16*(N16+CT_ThongSo!$C$33)+Z16*M16/2)/R16 -> 0.45552722 | AD16: =MAX(MAX(0,Z16-CT_ThongSo!$C$36*O16)/CT_ThongSo!$C$45,MAX(0,(Y16*(N16+CT_ThongSo!$C$33)+Z16*M16/2)-CT_ThongSo!$C$36*O16*M16/2)/(M16-CT_ThongSo!$C$41)/(CT_ThongSo!$C$45/2))/CT_ThongSo!$C$56 -> 0 | AE16: =SQRT((MIN(CT_ThongSo!$C$17,D16)*COS(T16)*SIN(RADIANS(F16))+I16*COS(U16)*SIN(RADIANS(K16)))^2+(MIN(CT_ThongSo!$C$17,D16)*COS(T16)*COS(RADIANS(F16))+I16*COS(U16)*COS(RADIANS(K16)))^2) -> 82.135389 | AF16: =MIN(CT_ThongSo!$C$17,D16)*SIN(T16)+I16*SIN(U16) -> 6.6036683 | AG16: =AF16/P16 -> 0.091079107 | AH16: =CT_ThongSo!$C$42*AE16/(IF(O16>AF16,CT_ThongSo!$C$39*CT_ThongSo!$C$37*M16^2,0)+Q16+CT_ThongSo!$C$45*CT_ThongSo!$C$61) -> 0.80921295 | AI16: =CT_ThongSo!$C$43*(AE16*(N16+CT_ThongSo!$C$33)+AF16*M16/2)/R16 -> 0.54444856 | AJ16: =MAX(MAX(0,AF16-CT_ThongSo!$C$36*O16)/CT_ThongSo!$C$45,MAX(0,(AE16*(N16+CT_ThongSo!$C$33)+AF16*M16/2)-CT_ThongSo!$C$36*O16*M16/2)/(M16-CT_ThongSo!$C$41)/(CT_ThongSo!$C$45/2))/CT_ThongSo!$C$56 -> 0 | AK16: =SQRT((D16*COS(T16)*SIN(RADIANS(F16))+I16*COS(U16)*SIN(RADIANS(K16)))^2+(D16*COS(T16)*COS(RADIANS(F16))+I16*COS(U16)*COS(RADIANS(K16)))^2) -> 13.958613 | AL16: =D16*SIN(T16)+I16*SIN(U16) -> 11.507105 | AM16: =AL16/P16 -> 0.15870828 | AN16: =CT_ThongSo!$C$42*AK16/(IF(O16>AL16,CT_ThongSo!$C$39*CT_ThongSo!$C$37*M16^2,0)+Q16+CT_ThongSo!$C$45*CT_ThongSo!$C$61) -> 0.13752282 | AO16: =CT_ThongSo!$C$43*(AK16*(N16+CT_ThongSo!$C$33)+AL16*M16/2)/R16 -> 0.23581953 | AP16: =MAX(MAX(0,AL16-CT_ThongSo!$C$36*O16)/CT_ThongSo!$C$45,MAX(0,(AK16*(N16+CT_ThongSo!$C$33)+AL16*M16/2)-CT_ThongSo!$C$36*O16*M16/2)/(M16-CT_ThongSo!$C$41)/(CT_ThongSo!$C$45/2))/CT_ThongSo!$C$56 -> 0 | AQ16: =SQRT((D16*COS(W16)*SIN(RADIANS(F16))+MIN(CT_ThongSo!$C$17,I16)*COS(X16)*SIN(RADIANS(K16)))^2+(D16*COS(W16)*COS(RADIANS(F16))+MIN(CT_ThongSo!$C$17,I16)*COS(X16)*COS(RADIANS(K16)))^2) -> 64.646671 | AR16: =D16*SIN(W16)+MIN(CT_ThongSo!$C$17,I16)*SIN(X16) -> 26.514333 | AS16: =AR16/P16 -> 0.36569096 | AT16: =CT_ThongSo!$C$42*AQ16/(IF(O16>AR16,CT_ThongSo!$C$39*CT_ThongSo!$C$37*M16^2,0)+Q16+CT_ThongSo!$C$45*CT_ThongSo!$C$61) -> 0.63691089 | AU16: =CT_ThongSo!$C$43*(AQ16*(N16+CT_ThongSo!$C$33)+AR16*M16/2)/R16 -> 0.7226553 | AV16: =MAX(MAX(0,AR16-CT_ThongSo!$C$36*O16)/CT_ThongSo!$C$45,MAX(0,(AQ16*(N16+CT_ThongSo!$C$33)+AR16*M16/2)-CT_ThongSo!$C$36*O16*M16/2)/(M16-CT_ThongSo!$C$41)/(CT_ThongSo!$C$45/2))/CT_ThongSo!$C$56 -> 0.38528793 | AW16: =SQRT((MIN(CT_ThongSo!$C$17,D16)*COS(W16)*SIN(RADIANS(F16))+I16*COS(X16)*SIN(RADIANS(K16)))^2+(MIN(CT_ThongSo!$C$17,D16)*COS(W16)*COS(RADIANS(F16))+I16*COS(X16)*COS(RADIANS(K16)))^2) -> 77.514596 | AX16: =MIN(CT_ThongSo!$C$17,D16)*SIN(W16)+I16*SIN(X16) -> 31.161344 | AY16: =AX16/P16 -> 0.42978346 | AZ16: =CT_ThongSo!$C$42*AW16/(IF(O16>AX16,CT_ThongSo!$C$39*CT_ThongSo!$C$37*M16^2,0)+Q16+CT_ThongSo!$C$45*CT_ThongSo!$C$61) -> 0.76368805 | BA16: =CT_ThongSo!$C$43*(AW16*(N16+CT_ThongSo!$C$33)+AX16*M16/2)/R16 -> 0.85779777 | BB16: =MAX(MAX(0,AX16-CT_ThongSo!$C$36*O16)/CT_ThongSo!$C$45,MAX(0,(AW16*(N16+CT_ThongSo!$C$33)+AX16*M16/2)-CT_ThongSo!$C$36*O16*M16/2)/(M16-CT_ThongSo!$C$41)/(CT_ThongSo!$C$45/2))/CT_ThongSo!$C$56 -> 0.71241545 | BC16: =SQRT((D16*COS(W16)*SIN(RADIANS(F16))+I16*COS(X16)*SIN(RADIANS(K16)))^2+(D16*COS(W16)*COS(RADIANS(F16))+I16*COS(X16)*COS(RADIANS(K16)))^2) -> 13.162941 | BD16: =D16*SIN(W16)+I16*SIN(X16) -> 54.303055 | BE16: =BD16/P16 -> 0.74895855 | BF16: =CT_ThongSo!$C$42*BC16/(IF(O16>BD16,CT_ThongSo!$C$39*CT_ThongSo!$C$37*M16^2,0)+Q16+CT_ThongSo!$C$45*CT_ThongSo!$C$61) -> 0.25767414 | BG16: =CT_ThongSo!$C$43*(BC16*(N16+CT_ThongSo!$C$33)+BD16*M16/2)/R16 -> 0.82193682 | BH16: =MAX(MAX(0,BD16-CT_ThongSo!$C$36*O16)/CT_ThongSo!$C$45,MAX(0,(BC16*(N16+CT_ThongSo!$C$33)+BD16*M16/2)-CT_ThongSo!$C$36*O16*M16/2)/(M16-CT_ThongSo!$C$41)/(CT_ThongSo!$C$45/2))/CT_ThongSo!$C$56 -> 0.62561 | BI16: =MAX(AA16,AG16,AM16,AS16,AY16,BE16) -> 0.74895855 | BJ16: =MAX(AB16,AH16,AN16,AT16,AZ16,BF16) -> 0.80921295 | BK16: =MAX(AC16,AI16,AO16,AU16,BA16,BG16) -> 0.85779777 | BL16: =MAX(AD16,AJ16,AP16,AV16,BB16,BH16) -> 0.71241545 | BM16: =(O16/M16^2)/(5.14*CT_ThongSo!$C$37/CT_ThongSo!$C$44) -> 0.1459144 | BN16: =IF(MAX(BI16:BM16)<=1,"ĐẠT","KHÔNG ĐẠT") -> ĐẠT | BO16: =M16^2*N16 -> 3.025 | BP16: 2.75
A17: HV-DV012 | B17: B3A-D38 | C17: BÈ 3A | D17: =VLOOKUP(C17,CT_LucDay!$A$6:$M$14,13,FALSE) -> 73.659983 | E17: 21.06 | F17: 90.2 | G17: B5A-D30 | H17: BÈ 5A | I17: =VLOOKUP(H17,CT_LucDay!$A$6:$M$14,13,FALSE) -> 87.342727 | J17: 20.8 | K17: 270.2 | L17: 378.3 | M17: 2.75 | N17: 0.4 | O17: =M17^2*N17*(CT_ThongSo!$C$34-CT_ThongSo!$C$35) -> 45.375 | P17: =CT_ThongSo!$C$36*O17+CT_ThongSo!$C$45*CT_ThongSo!$C$56 -> 72.504754 | Q17: =M17*(0.5*CT_ThongSo!$C$38*CT_ThongSo!$C$40^2+2*CT_ThongSo!$C$37*CT_ThongSo!$C$40) -> 16.685625 | R17: =O17*M17/2+CT_ThongSo!$C$45/2*CT_ThongSo!$C$55*M17 -> 149.47557 | S17: =MAX(0,CT_ThongSo!$C$19-L17+CT_ThongSo!$C$13-N17-CT_ThongSo!$C$33) -> 1.5 | T17: =ATAN(S17/MAX(0.1,E17)) -> 0.071104995 | U17: =ATAN(S17/MAX(0.1,J17)) -> 0.071990758 | V17: =MAX(0,CT_ThongSo!$C$20-L17+CT_ThongSo!$C$13-N17-CT_ThongSo!$C$33) -> 7.5 | W17: =ATAN(V17/MAX(0.1,E17)) -> 0.34212125 | X17: =ATAN(V17/MAX(0.1,J17)) -> 0.34606622 | Y17: =SQRT((D17*COS(T17)*SIN(RADIANS(F17))+MIN(CT_ThongSo!$C$17,I17)*COS(U17)*SIN(RADIANS(K17)))^2+(D17*COS(T17)*COS(RADIANS(F17))+MIN(CT_ThongSo!$C$17,I17)*COS(U17)*COS(RADIANS(K17)))^2) -> 68.486803 | Z17: =D17*SIN(T17)+MIN(CT_ThongSo!$C$17,I17)*SIN(U17) -> 5.5928233 | AA17: =Z17/P17 -> 0.077137332 | AB17: =CT_ThongSo!$C$42*Y17/(IF(O17>Z17,CT_ThongSo!$C$39*CT_ThongSo!$C$37*M17^2,0)+Q17+CT_ThongSo!$C$45*CT_ThongSo!$C$61) -> 0.67474458 | AC17: =CT_ThongSo!$C$43*(Y17*(N17+CT_ThongSo!$C$33)+Z17*M17/2)/R17 -> 0.45517009 | AD17: =MAX(MAX(0,Z17-CT_ThongSo!$C$36*O17)/CT_ThongSo!$C$45,MAX(0,(Y17*(N17+CT_ThongSo!$C$33)+Z17*M17/2)-CT_ThongSo!$C$36*O17*M17/2)/(M17-CT_ThongSo!$C$41)/(CT_ThongSo!$C$45/2))/CT_ThongSo!$C$56 -> 0 | AE17: =SQRT((MIN(CT_ThongSo!$C$17,D17)*COS(T17)*SIN(RADIANS(F17))+I17*COS(U17)*SIN(RADIANS(K17)))^2+(MIN(CT_ThongSo!$C$17,D17)*COS(T17)*COS(RADIANS(F17))+I17*COS(U17)*COS(RADIANS(K17)))^2) -> 82.129125 | AF17: =MIN(CT_ThongSo!$C$17,D17)*SIN(T17)+I17*SIN(U17) -> 6.6376647 | AG17: =AF17/P17 -> 0.091547993 | AH17: =CT_ThongSo!$C$42*AE17/(IF(O17>AF17,CT_ThongSo!$C$39*CT_ThongSo!$C$37*M17^2,0)+Q17+CT_ThongSo!$C$45*CT_ThongSo!$C$61) -> 0.80915125 | AI17: =CT_ThongSo!$C$43*(AE17*(N17+CT_ThongSo!$C$33)+AF17*M17/2)/R17 -> 0.54488309 | AJ17: =MAX(MAX(0,AF17-CT_ThongSo!$C$36*O17)/CT_ThongSo!$C$45,MAX(0,(AE17*(N17+CT_ThongSo!$C$33)+AF17*M17/2)-CT_ThongSo!$C$36*O17*M17/2)/(M17-CT_ThongSo!$C$41)/(CT_ThongSo!$C$45/2))/CT_ThongSo!$C$56 -> 0 | AK17: =SQRT((D17*COS(T17)*SIN(RADIANS(F17))+I17*COS(U17)*SIN(RADIANS(K17)))^2+(D17*COS(T17)*COS(RADIANS(F17))+I17*COS(U17)*COS(RADIANS(K17)))^2) -> 13.642639 | AL17: =D17*SIN(T17)+I17*SIN(U17) -> 11.51562 | AM17: =AL17/P17 -> 0.15882572 | AN17: =CT_ThongSo!$C$42*AK17/(IF(O17>AL17,CT_ThongSo!$C$39*CT_ThongSo!$C$37*M17^2,0)+Q17+CT_ThongSo!$C$45*CT_ThongSo!$C$61) -> 0.13440979 | AO17: =CT_ThongSo!$C$43*(AK17*(N17+CT_ThongSo!$C$33)+AL17*M17/2)/R17 -> 0.23419306 | AP17: =MAX(MAX(0,AL17-CT_ThongSo!$C$36*O17)/CT_ThongSo!$C$45,MAX(0,(AK17*(N17+CT_ThongSo!$C$33)+AL17*M17/2)-CT_ThongSo!$C$36*O17*M17/2)/(M17-CT_ThongSo!$C$41)/(CT_ThongSo!$C$45/2))/CT_ThongSo!$C$56 -> 0 | AQ17: =SQRT((D17*COS(W17)*SIN(RADIANS(F17))+MIN(CT_ThongSo!$C$17,I17)*COS(X17)*SIN(RADIANS(K17)))^2+(D17*COS(W17)*COS(RADIANS(F17))+MIN(CT_ThongSo!$C$17,I17)*COS(X17)*COS(RADIANS(K17)))^2) -> 64.687457 | AR17: =D17*SIN(W17)+MIN(CT_ThongSo!$C$17,I17)*SIN(X17) -> 26.407904 | AS17: =AR17/P17 -> 0.36422307 | AT17: =CT_ThongSo!$C$42*AQ17/(IF(O17>AR17,CT_ThongSo!$C$39*CT_ThongSo!$C$37*M17^2,0)+Q17+CT_ThongSo!$C$45*CT_ThongSo!$C$61) -> 0.63731272 | AU17: =CT_ThongSo!$C$43*(AQ17*(N17+CT_ThongSo!$C$33)+AR17*M17/2)/R17 -> 0.72141188 | AV17: =MAX(MAX(0,AR17-CT_ThongSo!$C$36*O17)/CT_ThongSo!$C$45,MAX(0,(AQ17*(N17+CT_ThongSo!$C$33)+AR17*M17/2)-CT_ThongSo!$C$36*O17*M17/2)/(M17-CT_ThongSo!$C$41)/(CT_ThongSo!$C$45/2))/CT_ThongSo!$C$56 -> 0.3822781 | AW17: =SQRT((MIN(CT_ThongSo!$C$17,D17)*COS(W17)*SIN(RADIANS(F17))+I17*COS(X17)*SIN(RADIANS(K17)))^2+(MIN(CT_ThongSo!$C$17,D17)*COS(W17)*COS(RADIANS(F17))+I17*COS(X17)*COS(RADIANS(K17)))^2) -> 77.454329 | AX17: =MIN(CT_ThongSo!$C$17,D17)*SIN(W17)+I17*SIN(X17) -> 31.304073 | AY17: =AX17/P17 -> 0.43175201 | AZ17: =CT_ThongSo!$C$42*AW17/(IF(O17>AX17,CT_ThongSo!$C$39*CT_ThongSo!$C$37*M17^2,0)+Q17+CT_ThongSo!$C$45*CT_ThongSo!$C$61) -> 0.7630943 | BA17: =CT_ThongSo!$C$43*(AW17*(N17+CT_ThongSo!$C$33)+AX17*M17/2)/R17 -> 0.85943455 | BB17: =MAX(MAX(0,AX17-CT_ThongSo!$C$36*O17)/CT_ThongSo!$C$45,MAX(0,(AW17*(N17+CT_ThongSo!$C$33)+AX17*M17/2)-CT_ThongSo!$C$36*O17*M17/2)/(M17-CT_ThongSo!$C$41)/(CT_ThongSo!$C$45/2))/CT_ThongSo!$C$56 -> 0.71637746 | BC17: =SQRT((D17*COS(W17)*SIN(RADIANS(F17))+I17*COS(X17)*SIN(RADIANS(K17)))^2+(D17*COS(W17)*COS(RADIANS(F17))+I17*COS(X17)*COS(RADIANS(K17)))^2) -> 12.773526 | BD17: =D17*SIN(W17)+I17*SIN(X17) -> 54.338547 | BE17: =BD17/P17 -> 0.74944806 | BF17: =CT_ThongSo!$C$42*BC17/(IF(O17>BD17,CT_ThongSo!$C$39*CT_ThongSo!$C$37*M17^2,0)+Q17+CT_ThongSo!$C$45*CT_ThongSo!$C$61) -> 0.25005106 | BG17: =CT_ThongSo!$C$43*(BC17*(N17+CT_ThongSo!$C$33)+BD17*M17/2)/R17 -> 0.82027725 | BH17: =MAX(MAX(0,BD17-CT_ThongSo!$C$36*O17)/CT_ThongSo!$C$45,MAX(0,(BC17*(N17+CT_ThongSo!$C$33)+BD17*M17/2)-CT_ThongSo!$C$36*O17*M17/2)/(M17-CT_ThongSo!$C$41)/(CT_ThongSo!$C$45/2))/CT_ThongSo!$C$56 -> 0.62159282 | BI17: =MAX(AA17,AG17,AM17,AS17,AY17,BE17) -> 0.74944806 | BJ17: =MAX(AB17,AH17,AN17,AT17,AZ17,BF17) -> 0.80915125 | BK17: =MAX(AC17,AI17,AO17,AU17,BA17,BG17) -> 0.85943455 | BL17: =MAX(AD17,AJ17,AP17,AV17,BB17,BH17) -> 0.71637746 | BM17: =(O17/M17^2)/(5.14*CT_ThongSo!$C$37/CT_ThongSo!$C$44) -> 0.1459144 | BN17: =IF(MAX(BI17:BM17)<=1,"ĐẠT","KHÔNG ĐẠT") -> ĐẠT | BO17: =M17^2*N17 -> 3.025 | BP17: 2.75
... A37: HV-DV032 | B37: B8-D48 | C37: BÈ 8 | D37: =VLOOKUP(C37,CT_LucDay!$A$6:$M$14,13,FALSE) -> 59.12689 | E37: 11.49 | F37: 13.8 | G37: B9-D16 | H37: BÈ 9 | I37: =VLOOKUP(H37,CT_LucDay!$A$6:$M$14,13,FALSE) -> 30.868305 | J37: 11.49 | K37: 193.8 | L37: 378.3 | M37: 2.5 | N37: 0.4 | O37: =M37^2*N37*(CT_ThongSo!$C$34-CT_ThongSo!$C$35) -> 37.5 | P37: =CT_ThongSo!$C$36*O37+CT_ThongSo!$C$45*CT_ThongSo!$C$56 -> 65.417254 | Q37: =M37*(0.5*CT_ThongSo!$C$38*CT_ThongSo!$C$40^2+2*CT_ThongSo!$C$37*CT_ThongSo!$C$40) -> 15.16875 | R37: =O37*M37/2+CT_ThongSo!$C$45/2*CT_ThongSo!$C$55*M37 -> 126.04313 | S37: =MAX(0,CT_ThongSo!$C$19-L37+CT_ThongSo!$C$13-N37-CT_ThongSo!$C$33) -> 1.5 | T37: =ATAN(S37/MAX(0.1,E37)) -> 0.12981416 | U37: =ATAN(S37/MAX(0.1,J37)) -> 0.12981416 | V37: =MAX(0,CT_ThongSo!$C$20-L37+CT_ThongSo!$C$13-N37-CT_ThongSo!$C$33) -> 7.5 | W37: =ATAN(V37/MAX(0.1,E37)) -> 0.57830006 | X37: =ATAN(V37/MAX(0.1,J37)) -> 0.57830006 | Y37: =SQRT((D37*COS(T37)*SIN(RADIANS(F37))+MIN(CT_ThongSo!$C$17,I37)*COS(U37)*SIN(RADIANS(K37)))^2+(D37*COS(T37)*COS(RADIANS(F37))+MIN(CT_ThongSo!$C$17,I37)*COS(U37)*COS(RADIANS(K37)))^2) -> 53.671464 | Z37: =D37*SIN(T37)+MIN(CT_ThongSo!$C$17,I37)*SIN(U37) -> 8.3012172 | AA37: =Z37/P37 -> 0.12689645 | AB37: =CT_ThongSo!$C$42*Y37/(IF(O37>Z37,CT_ThongSo!$C$39*CT_ThongSo!$C$37*M37^2,0)+Q37+CT_ThongSo!$C$45*CT_ThongSo!$C$61) -> 0.58504467 | AC37: =CT_ThongSo!$C$43*(Y37*(N37+CT_ThongSo!$C$33)+Z37*M37/2)/R37 -> 0.47478778 | AD37: =MAX(MAX(0,Z37-CT_ThongSo!$C$36*O37)/CT_ThongSo!$C$45,MAX(0,(Y37*(N37+CT_ThongSo!$C$33)+Z37*M37/2)-CT_ThongSo!$C$36*O37*M37/2)/(M37-CT_ThongSo!$C$41)/(CT_ThongSo!$C$45/2))/CT_ThongSo!$C$56 -> 0 | AE37: =SQRT((MIN(CT_ThongSo!$C$17,D37)*COS(T37)*SIN(RADIANS(F37))+I37*COS(U37)*SIN(RADIANS(K37)))^2+(MIN(CT_ThongSo!$C$17,D37)*COS(T37)*COS(RADIANS(F37))+I37*COS(U37)*COS(RADIANS(K37)))^2) -> 25.650648 | AF37: =MIN(CT_ThongSo!$C$17,D37)*SIN(T37)+I37*SIN(U37) -> 4.6431473 | AG37: =AF37/P37 -> 0.07097741 | AH37: =CT_ThongSo!$C$42*AE37/(IF(O37>AF37,CT_ThongSo!$C$39*CT_ThongSo!$C$37*M37^2,0)+Q37+CT_ThongSo!$C$45*CT_ThongSo!$C$61) -> 0.27960435 | AI37: =CT_ThongSo!$C$43*(AE37*(N37+CT_ThongSo!$C$33)+AF37*M37/2)/R37 -> 0.236964 | AJ37: =MAX(MAX(0,AF37-CT_ThongSo!$C$36*O37)/CT_ThongSo!$C$45,MAX(0,(AE37*(N37+CT_ThongSo!$C$33)+AF37*M37/2)-CT_ThongSo!$C$36*O37*M37/2)/(M37-CT_ThongSo!$C$41)/(CT_ThongSo!$C$45/2))/CT_ThongSo!$C$56 -> 0 | AK37: =SQRT((D37*COS(T37)*SIN(RADIANS(F37))+I37*COS(U37)*SIN(RADIANS(K37)))^2+(D37*COS(T37)*COS(RADIANS(F37))+I37*COS(U37)*COS(RADIANS(K37)))^2) -> 28.020816 | AL37: =D37*SIN(T37)+I37*SIN(U37) -> 11.649866 | AM37: =AL37/P37 -> 0.17808552 | AN37: =CT_ThongSo!$C$42*AK37/(IF(O37>AL37,CT_ThongSo!$C$39*CT_ThongSo!$C$37*M37^2,0)+Q37+CT_ThongSo!$C$45*CT_ThongSo!$C$61) -> 0.30544032 | AO37: =CT_ThongSo!$C$43*(AK37*(N37+CT_ThongSo!$C$33)+AL37*M37/2)/R37 -> 0.35670861 | AP37: =MAX(MAX(0,AL37-CT_ThongSo!$C$36*O37)/CT_ThongSo!$C$45,MAX(0,(AK37*(N37+CT_ThongSo!$C$33)+AL37*M37/2)-CT_ThongSo!$C$36*O37*M37/2)/(M37-CT_ThongSo!$C$41)/(CT_ThongSo!$C$45/2))/CT_ThongSo!$C$56 -> 0 | AQ37: =SQRT((D37*COS(W37)*SIN(RADIANS(F37))+MIN(CT_ThongSo!$C$17,I37)*COS(X37)*SIN(RADIANS(K37)))^2+(D37*COS(W37)*COS(RADIANS(F37))+MIN(CT_ThongSo!$C$17,I37)*COS(X37)*COS(RADIANS(K37)))^2) -> 45.325481 | AR37: =D37*SIN(W37)+MIN(CT_ThongSo!$C$17,I37)*SIN(X37) -> 35.051835 | AS37: =AR37/P37 -> 0.53581942 | AT37: =CT_ThongSo!$C$42*AQ37/(IF(O37>AR37,CT_ThongSo!$C$39*CT_ThongSo!$C$37*M37^2,0)+Q37+CT_ThongSo!$C$45*CT_ThongSo!$C$61) -> 0.49406945 | AU37: =CT_ThongSo!$C$43*(AQ37*(N37+CT_ThongSo!$C$33)+AR37*M37/2)/R37 -> 0.81809861 | AV37: =MAX(MAX(0,AR37-CT_ThongSo!$C$36*O37)/CT_ThongSo!$C$45,MAX(0,(AQ37*(N37+CT_ThongSo!$C$33)+AR37*M37/2)-CT_ThongSo!$C$36*O37*M37/2)/(M37-CT_ThongSo!$C$41)/(CT_ThongSo!$C$45/2))/CT_ThongSo!$C$56 -> 0.71370615 | AW37: =SQRT((MIN(CT_ThongSo!$C$17,D37)*COS(W37)*SIN(RADIANS(F37))+I37*COS(X37)*SIN(RADIANS(K37)))^2+(MIN(CT_ThongSo!$C$17,D37)*COS(W37)*COS(RADIANS(F37))+I37*COS(X37)*COS(RADIANS(K37)))^2) -> 21.661939 | AX37: =MIN(CT_ThongSo!$C$17,D37)*SIN(W37)+I37*SIN(X37) -> 19.605659 | AY37: =AX37/P37 -> 0.29970165 | AZ37: =CT_ThongSo!$C$42*AW37/(IF(O37>AX37,CT_ThongSo!$C$39*CT_ThongSo!$C$37*M37^2,0)+Q37+CT_ThongSo!$C$45*CT_ThongSo!$C$61) -> 0.23612551 | BA37: =CT_ThongSo!$C$43*(AW37*(N37+CT_ThongSo!$C$33)+AX37*M37/2)/R37 -> 0.43343662 | BB37: =MAX(MAX(0,AX37-CT_ThongSo!$C$36*O37)/CT_ThongSo!$C$45,MAX(0,(AW37*(N37+CT_ThongSo!$C$33)+AX37*M37/2)-CT_ThongSo!$C$36*O37*M37/2)/(M37-CT_ThongSo!$C$41)/(CT_ThongSo!$C$45/2))/CT_ThongSo!$C$56 -> 0 | BC37: =SQRT((D37*COS(W37)*SIN(RADIANS(F37))+I37*COS(X37)*SIN(RADIANS(K37)))^2+(D37*COS(W37)*COS(RADIANS(F37))+I37*COS(X37)*COS(RADIANS(K37)))^2) -> 23.663542 | BD37: =D37*SIN(W37)+I37*SIN(X37) -> 49.191482 | BE37: =BD37/P37 -> 0.75196495 | BF37: =CT_ThongSo!$C$42*BC37/(IF(O37>BD37,CT_ThongSo!$C$39*CT_ThongSo!$C$37*M37^2,0)+Q37+CT_ThongSo!$C$45*CT_ThongSo!$C$61) -> 0.47258634 | BG37: =CT_ThongSo!$C$43*(BC37*(N37+CT_ThongSo!$C$33)+BD37*M37/2)/R37 -> 0.88665243 | BH37: =MAX(MAX(0,BD37-CT_ThongSo!$C$36*O37)/CT_ThongSo!$C$45,MAX(0,(BC37*(N37+CT_ThongSo!$C$33)+BD37*M37/2)-CT_ThongSo!$C$36*O37*M37/2)/(M37-CT_ThongSo!$C$41)/(CT_ThongSo!$C$45/2))/CT_ThongSo!$C$56 -> 0.86852054 | BI37: =MAX(AA37,AG37,AM37,AS37,AY37,BE37) -> 0.75196495 | BJ37: =MAX(AB37,AH37,AN37,AT37,AZ37,BF37) -> 0.58504467 | BK37: =MAX(AC37,AI37,AO37,AU37,BA37,BG37) -> 0.88665243 | BL37: =MAX(AD37,AJ37,AP37,AV37,BB37,BH37) -> 0.86852054 | BM37: =(O37/M37^2)/(5.14*CT_ThongSo!$C$37/CT_ThongSo!$C$44) -> 0.1459144 | BN37: =IF(MAX(BI37:BM37)<=1,"ĐẠT","KHÔNG ĐẠT") -> ĐẠT | BO37: =M37^2*N37 -> 2.5 | BP37: 2.5
A38: TỔNG | BN38: =COUNTIF(BN6:BN37,"ĐẠT")&" / 32 đế đạt" -> 32 / 32 đế đạt | BO38: =SUM(BO6:BO37) -> 93.425
